<?xml version="1.0" encoding="UTF-8" standalone="no"?>
<wovoml xmlns="http://www.wovodat.org" xmlns:xsi="http://www.w3.org/2001/XMLSchema-instance"
	pubDate="2008-01-01 00:00:00" version="1.1.0"
	xsi:schemaLocation="http://www.wovodat.org/WOVOdatV1.xsd">
	<MonitoringSystems owner1="USACE" pubDate="2008-01-01 00:00:00">
		<SeismicNetwork code="USACE-VMI-Seisnet-YVO" owner1="USACE"
			owner2="YVO" pubDate="2008-01-01 00:00:00">
			<Volcanoes>
				<volcanoCode>121002-D</volcanoCode>
			</Volcanoes>
			<name>USACE VMI Seismic Network YVO</name>
			<description>Ref: Guffanti et al., 2010, Volcano- monitoring
				instrumentation in the United States, 2008: USGS Open-File Report
				2009–1165</description>
			<numberOfSeismo>6</numberOfSeismo>
			<numberOfBBSeismo>0</numberOfBBSeismo>
			<numberOfSMPSeismo>0</numberOfSMPSeismo>
			<numberOfDigiSeismo>6</numberOfDigiSeismo>
			<numberOfAnaSeismo>0</numberOfAnaSeismo>
			<numberOf3CompSeismo>6</numberOf3CompSeismo>
			<numberOfMicro>0</numberOfMicro>
			<startTime>1976-12-21 12:00:00</startTime>
			<endTime>9999-01-01 00:00:00</endTime>
			<diffUTC>0</diffUTC>
			<SeismicStation code="2311" owner1="USACE" owner2="YVO"
				pubDate="2008-01-01 00:00:00">
				<name>Cochiti Dam Center Toe</name>
				<description>Sensor:Etna Strong Motion
					Accelerograph,Archive:USGS-NSMP</description>
				<comments>Ref: Guffanti et al., 2010, Volcano- monitoring
					instrumentation in the United States, 2008: USGS Open-File Report
					2009–1165</comments>
				<lat>35.6208</lat>
				<lon>-106.3239</lon>
				<elev>1604.50</elev>
				<startTime>1976-12-21 12:00:00</startTime>
				<endTime>9999-01-01 00:00:00</endTime>
				<diffUTC>0</diffUTC>
				<SeismicInstrument code="2311_DSM3CA">
					<name>Near-surface seismometer digital strong-motion 3-component
						accelerometer </name>
					<comments>Site:Cochiti Dam Center Toe</comments>
					<startTime>1976-12-21 12:00:00</startTime>
					<endTime>9999-01-01 00:00:00</endTime>
				</SeismicInstrument>
				<SeismicInstrument code="2311_DSM3CA1">
					<name>Near-surface seismometer digital strong-motion 3-component
						accelerometer </name>
					<comments>Site:Cochiti Dam Left (east) Crest</comments>
					<startTime>1976-12-21 12:00:00</startTime>
					<endTime>9999-01-01 00:00:00</endTime>
				</SeismicInstrument>
				<SeismicInstrument code="2311_DSM3CA2">
					<name>Near-surface seismometer digital strong-motion 3-component
						accelerometer </name>
					<comments>Site:Cochiti Dam Left Abutment</comments>
					<startTime>1976-12-21 12:00:00</startTime>
					<endTime>9999-01-01 00:00:00</endTime>
				</SeismicInstrument>
				<SeismicInstrument code="2311_DSM3CA3">
					<name>Near-surface seismometer digital strong-motion 3-component
						accelerometer </name>
					<comments>Site:Cochiti Dam Right (west) Crest</comments>
					<startTime>1976-12-21 12:00:00</startTime>
					<endTime>9999-01-01 00:00:00</endTime>
				</SeismicInstrument>
				<SeismicInstrument code="2311_DSM3CA4">
					<name>Near-surface seismometer digital strong-motion 3-component
						accelerometer </name>
					<comments>Site:Cochiti Dam Right toe</comments>
					<startTime>1976-12-21 12:00:00</startTime>
					<endTime>9999-01-01 00:00:00</endTime>
				</SeismicInstrument>
				<SeismicInstrument code="2311_DSM3CA5">
					<name>Near-surface seismometer digital strong-motion 3-component
						accelerometer </name>
					<comments>Site:Cochiti Dam Upper Tower and Lower Tower</comments>
					<startTime>1976-12-21 12:00:00</startTime>
					<endTime>9999-01-01 00:00:00</endTime>
				</SeismicInstrument>
			</SeismicStation>
		</SeismicNetwork>
	</MonitoringSystems>
</wovoml>