<?xml version="1.0" encoding="UTF-8" standalone="no"?>
<wovoml xmlns="http://www.wovodat.org" xmlns:xsi="http://www.w3.org/2001/XMLSchema-instance"
	pubDate="2008-01-01 00:00:00" version="1.1.0"
	xsi:schemaLocation="http://www.wovodat.org/WOVOdatV1.xsd">
	<MonitoringSystems owner1="USGS" pubDate="2008-01-01 00:00:00">
		<SeismicNetwork code="USGS-VMI-Seisnet-LVO" owner1="USGS"
			owner2="LVO" pubDate="2008-01-01 00:00:00">
			<Volcanoes>
				<volcanoCode>1203-10-</volcanoCode>
				<volcanoCode>1203-14-</volcanoCode>
				<volcanoCode>1203-18-</volcanoCode>
				<volcanoCode>120601-A</volcanoCode>
			</Volcanoes>
			<name>USGS VMI Seismic Network LVO</name>
			<description>Ref: Guffanti et al., 2010, Volcano- monitoring
				instrumentation in the United States, 2008: USGS Open-File Report
				2009–1165</description>
			<numberOfSeismo>57</numberOfSeismo>
			<numberOfBBSeismo>4</numberOfBBSeismo>
			<numberOfSMPSeismo>45</numberOfSMPSeismo>
			<numberOfDigiSeismo>12</numberOfDigiSeismo>
			<numberOfAnaSeismo>45</numberOfAnaSeismo>
			<numberOf3CompSeismo>12</numberOf3CompSeismo>
			<numberOfMicro>0</numberOfMicro>
			<startTime>1972-07-25 12:00:00</startTime>
			<endTime>9999-01-01 00:00:00</endTime>
			<diffUTC>0</diffUTC>
			<SeismicStation code="GACM" owner1="USGS" owner2="LVO"
				pubDate="2008-01-01 00:00:00">
				<name>Adobe Creek</name>
				<description>Sensor:L4,Archive:NCEDC</description>
				<comments>Ref: Guffanti et al., 2010, Volcano- monitoring
					instrumentation in the United States, 2008: USGS Open-File Report
					2009–1165</comments>
				<lat>38.8727</lat>
				<lon>-122.8629</lon>
				<elev>968.00</elev>
				<startTime>1986-05-15 12:00:00</startTime>
				<endTime>9999-01-01 00:00:00</endTime>
				<diffUTC>0</diffUTC>
				<SeismicInstrument code="GACM_ASPSC">
					<name>Near-surface seismometer analog short-period single-component
					</name>
					<comments>Site:Adobe Creek</comments>
					<startTime>1986-05-15 12:00:00</startTime>
					<endTime>9999-01-01 00:00:00</endTime>
				</SeismicInstrument>
			</SeismicStation>
			<SeismicStation code="GBGM" owner1="USGS" owner2="LVO"
				pubDate="2008-01-01 00:00:00">
				<name>Boggs Mountain</name>
				<description>Sensor:L4,Archive:NCEDC</description>
				<comments>Ref: Guffanti et al., 2010, Volcano- monitoring
					instrumentation in the United States, 2008: USGS Open-File Report
					2009–1165</comments>
				<lat>38.8144</lat>
				<lon>-122.6826</lon>
				<elev>1103.00</elev>
				<startTime>1975-06-26 12:00:00</startTime>
				<endTime>9999-01-01 00:00:00</endTime>
				<diffUTC>0</diffUTC>
				<SeismicInstrument code="GBGM_ASPSC">
					<name>Near-surface seismometer analog short-period single-component
					</name>
					<comments>Site:Boggs Mountain</comments>
					<startTime>1975-06-26 12:00:00</startTime>
					<endTime>9999-01-01 00:00:00</endTime>
				</SeismicInstrument>
			</SeismicStation>
			<SeismicStation code="GHGM" owner1="USGS" owner2="LVO"
				pubDate="2008-01-01 00:00:00">
				<name>Hogback Ridge</name>
				<description>Sensor:L4,Archive:NCEDC</description>
				<comments>Ref: Guffanti et al., 2010, Volcano- monitoring
					instrumentation in the United States, 2008: USGS Open-File Report
					2009–1165</comments>
				<lat>39.1281</lat>
				<lon>-122.8245</lon>
				<elev>871.00</elev>
				<startTime>1975-04-18 12:00:00</startTime>
				<endTime>9999-01-01 00:00:00</endTime>
				<diffUTC>0</diffUTC>
				<SeismicInstrument code="GHGM_ASPSC">
					<name>Near-surface seismometer analog short-period single-component
					</name>
					<comments>Site:Hogback Ridge</comments>
					<startTime>1975-04-18 12:00:00</startTime>
					<endTime>9999-01-01 00:00:00</endTime>
				</SeismicInstrument>
			</SeismicStation>
			<SeismicStation code="GMKM" owner1="USGS" owner2="LVO"
				pubDate="2008-01-01 00:00:00">
				<name>Mount Konocti</name>
				<description>Sensor:L4,Archive:NCEDC</description>
				<comments>Ref: Guffanti et al., 2010, Volcano- monitoring
					instrumentation in the United States, 2008: USGS Open-File Report
					2009–1165</comments>
				<lat>38.9696</lat>
				<lon>-122.7877</lon>
				<elev>904.00</elev>
				<startTime>1975-04-18 12:00:00</startTime>
				<endTime>9999-01-01 00:00:00</endTime>
				<diffUTC>0</diffUTC>
				<SeismicInstrument code="GMKM_ASPSC">
					<name>Near-surface seismometer analog short-period single-component
					</name>
					<comments>Site:Mount Konocti</comments>
					<startTime>1975-04-18 12:00:00</startTime>
					<endTime>9999-01-01 00:00:00</endTime>
				</SeismicInstrument>
			</SeismicStation>
			<SeismicStation code="GRTM" owner1="USGS" owner2="LVO"
				pubDate="2008-01-01 00:00:00">
				<name>Round Top Mountain</name>
				<description>Sensor:L4,Archive:NCEDC</description>
				<comments>Ref: Guffanti et al., 2010, Volcano- monitoring
					instrumentation in the United States, 2008: USGS Open-File Report
					2009–1165</comments>
				<lat>38.9387</lat>
				<lon>-122.6711</lon>
				<elev>590.00</elev>
				<startTime>1975-06-26 12:00:00</startTime>
				<endTime>9999-01-01 00:00:00</endTime>
				<diffUTC>0</diffUTC>
				<SeismicInstrument code="GRTM_ASPSC">
					<name>Near-surface seismometer analog short-period single-component
					</name>
					<comments>Site:Round Top Mountain</comments>
					<startTime>1975-06-26 12:00:00</startTime>
					<endTime>9999-01-01 00:00:00</endTime>
				</SeismicInstrument>
			</SeismicStation>
			<SeismicStation code="GSGM" owner1="USGS" owner2="LVO"
				pubDate="2008-01-01 00:00:00">
				<name>Seigler Mountain</name>
				<description>Sensor:L4,Archive:NCEDC</description>
				<comments>Ref: Guffanti et al., 2010, Volcano- monitoring
					instrumentation in the United States, 2008: USGS Open-File Report
					2009–1165</comments>
				<lat>38.8663</lat>
				<lon>-122.7088</lon>
				<elev>1057.00</elev>
				<startTime>1990-05-22 12:00:00</startTime>
				<endTime>9999-01-01 00:00:00</endTime>
				<diffUTC>0</diffUTC>
				<SeismicInstrument code="GSGM_ASPSC">
					<name>Near-surface seismometer analog short-period single-component
					</name>
					<comments>Site:Seigler Mountain</comments>
					<startTime>1990-05-22 12:00:00</startTime>
					<endTime>9999-01-01 00:00:00</endTime>
				</SeismicInstrument>
			</SeismicStation>
			<SeismicStation code="ADH " owner1="USGS" owner2="LVO"
				pubDate="2008-01-01 00:00:00">
				<name>ADOBE HILLS</name>
				<description>Sensor:L4C ,Archive:UCB/NCEDC</description>
				<comments>Ref: Guffanti et al., 2010, Volcano- monitoring
					instrumentation in the United States, 2008: USGS Open-File Report
					2009–1165</comments>
				<lat>37.9683</lat>
				<lon>-118.7153</lon>
				<elev>2043.00</elev>
				<startTime>2002-09-18 12:00:00</startTime>
				<endTime>9999-01-01 00:00:00</endTime>
				<diffUTC>0</diffUTC>
				<SeismicInstrument code="ADH _ASPSC">
					<name>Near-surface seismometer analog short-period single-component
					</name>
					<comments>Site:ADOBE HILLS</comments>
					<startTime>2002-09-18 12:00:00</startTime>
					<endTime>9999-01-01 00:00:00</endTime>
				</SeismicInstrument>
			</SeismicStation>
			<SeismicStation code="ANT " owner1="USGS" owner2="LVO"
				pubDate="2008-01-01 00:00:00">
				<name>Antelope Mountain</name>
				<description>Sensor:L4C ,Archive:UCB/NCEDC</description>
				<comments>Ref: Guffanti et al., 2010, Volcano- monitoring
					instrumentation in the United States, 2008: USGS Open-File Report
					2009–1165</comments>
				<lat>37.9178</lat>
				<lon>-118.5640</lon>
				<elev>2040.00</elev>
				<startTime>2002-09-18 12:00:00</startTime>
				<endTime>9999-01-01 00:00:00</endTime>
				<diffUTC>0</diffUTC>
				<SeismicInstrument code="ANT _ASPSC">
					<name>Near-surface seismometer analog short-period single-component
					</name>
					<comments>Site:Antelope Mountain</comments>
					<startTime>2002-09-18 12:00:00</startTime>
					<endTime>9999-01-01 00:00:00</endTime>
				</SeismicInstrument>
			</SeismicStation>
			<SeismicStation code="BEN " owner1="USGS" owner2="LVO"
				pubDate="2008-01-01 00:00:00">
				<name>Benton</name>
				<description>Sensor:L4C ,Archive:UCB/NCEDC</description>
				<comments>Ref: Guffanti et al., 2010, Volcano- monitoring
					instrumentation in the United States, 2008: USGS Open-File Report
					2009–1165</comments>
				<lat>37.7155</lat>
				<lon>-118.5733</lon>
				<elev>2490.00</elev>
				<startTime>1983-10-20 12:00:00</startTime>
				<endTime>9999-01-01 00:00:00</endTime>
				<diffUTC>0</diffUTC>
				<SeismicInstrument code="BEN _ASPSC">
					<name>Near-surface seismometer analog short-period single-component
					</name>
					<comments>Site:Benton</comments>
					<startTime>1983-10-20 12:00:00</startTime>
					<endTime>9999-01-01 00:00:00</endTime>
				</SeismicInstrument>
			</SeismicStation>
			<SeismicStation code="BCK " owner1="USGS" owner2="LVO"
				pubDate="2008-01-01 00:00:00">
				<name>Birch Creek</name>
				<description>Sensor:L4C ,Archive:UCB/NCEDC</description>
				<comments>Ref: Guffanti et al., 2010, Volcano- monitoring
					instrumentation in the United States, 2008: USGS Open-File Report
					2009–1165</comments>
				<lat>37.6975</lat>
				<lon>-118.3720</lon>
				<elev>1634.00</elev>
				<startTime>1984-09-13 12:00:00</startTime>
				<endTime>9999-01-01 00:00:00</endTime>
				<diffUTC>0</diffUTC>
				<SeismicInstrument code="BCK _ASPSC">
					<name>Near-surface seismometer analog short-period single-component
					</name>
					<comments>Site:Birch Creek</comments>
					<startTime>1984-09-13 12:00:00</startTime>
					<endTime>9999-01-01 00:00:00</endTime>
				</SeismicInstrument>
			</SeismicStation>
			<SeismicStation code="BHP " owner1="USGS" owner2="LVO"
				pubDate="2008-01-01 00:00:00">
				<name>BISHOP</name>
				<description>Sensor:L4C ,Archive:UCB/NCEDC</description>
				<comments>Ref: Guffanti et al., 2010, Volcano- monitoring
					instrumentation in the United States, 2008: USGS Open-File Report
					2009–1165</comments>
				<lat>37.2995</lat>
				<lon>-118.4873</lon>
				<elev>2171.00</elev>
				<startTime>1984-08-10 12:00:00</startTime>
				<endTime>9999-01-01 00:00:00</endTime>
				<diffUTC>0</diffUTC>
				<SeismicInstrument code="BHP _ASPSC">
					<name>Near-surface seismometer analog short-period single-component
					</name>
					<comments>Site:BISHOP</comments>
					<startTime>1984-08-10 12:00:00</startTime>
					<endTime>9999-01-01 00:00:00</endTime>
				</SeismicInstrument>
			</SeismicStation>
			<SeismicStation code="BON " owner1="USGS" owner2="LVO"
				pubDate="2008-01-01 00:00:00">
				<name>Boundary Peak</name>
				<description>Sensor:L4C ,Archive:UCB/NCEDC</description>
				<comments>Ref: Guffanti et al., 2010, Volcano- monitoring
					instrumentation in the United States, 2008: USGS Open-File Report
					2009–1165</comments>
				<lat>37.9552</lat>
				<lon>-118.3017</lon>
				<elev>2582.00</elev>
				<startTime>1974-07-01 12:00:00</startTime>
				<endTime>9999-01-01 00:00:00</endTime>
				<diffUTC>0</diffUTC>
				<SeismicInstrument code="BON _ASPSC">
					<name>Near-surface seismometer analog short-period single-component
					</name>
					<comments>Site:Boundary Peak</comments>
					<startTime>1974-07-01 12:00:00</startTime>
					<endTime>9999-01-01 00:00:00</endTime>
				</SeismicInstrument>
			</SeismicStation>
			<SeismicStation code="MCS " owner1="USGS" owner2="LVO"
				pubDate="2008-01-01 00:00:00">
				<name>Casa Diablo Hot Spring</name>
				<description>Sensor:L4C,Archive:UCB/NCEDC</description>
				<comments>Ref: Guffanti et al., 2010, Volcano- monitoring
					instrumentation in the United States, 2008: USGS Open-File Report
					2009–1165</comments>
				<lat>37.6549</lat>
				<lon>-118.9058</lon>
				<elev>2399.00</elev>
				<startTime>1982-08-05 12:00:00</startTime>
				<endTime>9999-01-01 00:00:00</endTime>
				<diffUTC>0</diffUTC>
				<SeismicInstrument code="MCS _ASPSC">
					<name>Near-surface seismometer analog short-period single-component
					</name>
					<comments>Site:Casa Diablo Hot Spring</comments>
					<startTime>1982-08-05 12:00:00</startTime>
					<endTime>9999-01-01 00:00:00</endTime>
				</SeismicInstrument>
			</SeismicStation>
			<SeismicStation code="CAS " owner1="USGS" owner2="LVO"
				pubDate="2008-01-01 00:00:00">
				<name>CASA DIABLO MOUNTAIN</name>
				<description>Sensor:L4C ,Archive:UCB/NCEDC</description>
				<comments>Ref: Guffanti et al., 2010, Volcano- monitoring
					instrumentation in the United States, 2008: USGS Open-File Report
					2009–1165</comments>
				<lat>37.5748</lat>
				<lon>-118.5515</lon>
				<elev>2170.00</elev>
				<startTime>1982-11-05 12:00:00</startTime>
				<endTime>9999-01-01 00:00:00</endTime>
				<diffUTC>0</diffUTC>
				<SeismicInstrument code="CAS _ASPSC">
					<name>Near-surface seismometer analog short-period single-component
					</name>
					<comments>Site:CASA DIABLO MOUNTAIN</comments>
					<startTime>1982-11-05 12:00:00</startTime>
					<endTime>9999-01-01 00:00:00</endTime>
				</SeismicInstrument>
			</SeismicStation>
			<SeismicStation code="MCD " owner1="USGS" owner2="LVO"
				pubDate="2008-01-01 00:00:00">
				<name>Chidago Canyon</name>
				<description>Sensor:L4C,Archive:UCB/NCEDC</description>
				<comments>Ref: Guffanti et al., 2010, Volcano- monitoring
					instrumentation in the United States, 2008: USGS Open-File Report
					2009–1165</comments>
				<lat>37.5480</lat>
				<lon>-118.4434</lon>
				<elev>1411.00</elev>
				<startTime>1986-07-22 12:00:00</startTime>
				<endTime>9999-01-01 00:00:00</endTime>
				<diffUTC>0</diffUTC>
				<SeismicInstrument code="MCD _ASPSC">
					<name>Near-surface seismometer analog short-period single-component
					</name>
					<comments>Site:Chidago Canyon</comments>
					<startTime>1986-07-22 12:00:00</startTime>
					<endTime>9999-01-01 00:00:00</endTime>
				</SeismicInstrument>
			</SeismicStation>
			<SeismicStation code="MCV " owner1="USGS" owner2="LVO"
				pubDate="2008-01-01 00:00:00">
				<name>Convict Lake (New)</name>
				<description>Sensor:L4C,Archive:UCB/NCEDC</description>
				<comments>Ref: Guffanti et al., 2010, Volcano- monitoring
					instrumentation in the United States, 2008: USGS Open-File Report
					2009–1165</comments>
				<lat>37.5900</lat>
				<lon>-118.8291</lon>
				<elev>2542.00</elev>
				<startTime>1995-08-04 12:00:00</startTime>
				<endTime>9999-01-01 00:00:00</endTime>
				<diffUTC>0</diffUTC>
				<SeismicInstrument code="MCV _ASPSC">
					<name>Near-surface seismometer analog short-period single-component
					</name>
					<comments>Site:Convict Lake (New)</comments>
					<startTime>1995-08-04 12:00:00</startTime>
					<endTime>9999-01-01 00:00:00</endTime>
				</SeismicInstrument>
			</SeismicStation>
			<SeismicStation code="MCM " owner1="USGS" owner2="LVO"
				pubDate="2008-01-01 00:00:00">
				<name>Convict Moraine</name>
				<description>Sensor:L4C,Archive:UCB/NCEDC</description>
				<comments>Ref: Guffanti et al., 2010, Volcano- monitoring
					instrumentation in the United States, 2008: USGS Open-File Report
					2009–1165</comments>
				<lat>37.6094</lat>
				<lon>-118.8736</lon>
				<elev>2219.00</elev>
				<startTime>1983-08-25 12:00:00</startTime>
				<endTime>9999-01-01 00:00:00</endTime>
				<diffUTC>0</diffUTC>
				<SeismicInstrument code="MCM _ASPSC">
					<name>Near-surface seismometer analog short-period single-component
					</name>
					<comments>Site:Convict Moraine</comments>
					<startTime>1983-08-25 12:00:00</startTime>
					<endTime>9999-01-01 00:00:00</endTime>
				</SeismicInstrument>
			</SeismicStation>
			<SeismicStation code="MDC " owner1="USGS" owner2="LVO"
				pubDate="2008-01-01 00:00:00">
				<name>Deadman Creek</name>
				<description>Sensor:L4C,Archive:UCB/NCEDC</description>
				<comments>Ref: Guffanti et al., 2010, Volcano- monitoring
					instrumentation in the United States, 2008: USGS Open-File Report
					2009–1165</comments>
				<lat>37.7097</lat>
				<lon>-119.0419</lon>
				<elev>2493.00</elev>
				<startTime>1983-08-30 12:00:00</startTime>
				<endTime>9999-01-01 00:00:00</endTime>
				<diffUTC>0</diffUTC>
				<SeismicInstrument code="MDC _ASPSC">
					<name>Near-surface seismometer analog short-period single-component
					</name>
					<comments>Site:Deadman Creek</comments>
					<startTime>1983-08-30 12:00:00</startTime>
					<endTime>9999-01-01 00:00:00</endTime>
				</SeismicInstrument>
			</SeismicStation>
			<SeismicStation code="MFB " owner1="USGS" owner2="LVO"
				pubDate="2008-01-01 00:00:00">
				<name>Five Bridges</name>
				<description>Sensor:L4C,Archive:UCB/NCEDC</description>
				<comments>Ref: Guffanti et al., 2010, Volcano- monitoring
					instrumentation in the United States, 2008: USGS Open-File Report
					2009–1165</comments>
				<lat>37.4293</lat>
				<lon>-118.4289</lon>
				<elev>1348.00</elev>
				<startTime>1984-12-13 12:00:00</startTime>
				<endTime>9999-01-01 00:00:00</endTime>
				<diffUTC>0</diffUTC>
				<SeismicInstrument code="MFB _ASPSC">
					<name>Near-surface seismometer analog short-period single-component
					</name>
					<comments>Site:Five Bridges</comments>
					<startTime>1984-12-13 12:00:00</startTime>
					<endTime>9999-01-01 00:00:00</endTime>
				</SeismicInstrument>
			</SeismicStation>
			<SeismicStation code="MGP " owner1="USGS" owner2="LVO"
				pubDate="2008-01-01 00:00:00">
				<name>Gravel Pit</name>
				<description>Sensor:L4C,Archive:UCB/NCEDC</description>
				<comments>Ref: Guffanti et al., 2010, Volcano- monitoring
					instrumentation in the United States, 2008: USGS Open-File Report
					2009–1165</comments>
				<lat>37.6264</lat>
				<lon>-118.9025</lon>
				<elev>2190.00</elev>
				<startTime>1983-08-11 12:00:00</startTime>
				<endTime>9999-01-01 00:00:00</endTime>
				<diffUTC>0</diffUTC>
				<SeismicInstrument code="MGP _ASPSC">
					<name>Near-surface seismometer analog short-period single-component
					</name>
					<comments>Site:Gravel Pit</comments>
					<startTime>1983-08-11 12:00:00</startTime>
					<endTime>9999-01-01 00:00:00</endTime>
				</SeismicInstrument>
			</SeismicStation>
			<SeismicStation code="HTC " owner1="USGS" owner2="LVO"
				pubDate="2008-01-01 00:00:00">
				<name>HILTON CREEK</name>
				<description>Sensor:L4C ,Archive:UCB/NCEDC</description>
				<comments>Ref: Guffanti et al., 2010, Volcano- monitoring
					instrumentation in the United States, 2008: USGS Open-File Report
					2009–1165</comments>
				<lat>37.5298</lat>
				<lon>-118.7710</lon>
				<elev>3012.00</elev>
				<startTime>1984-07-19 12:00:00</startTime>
				<endTime>9999-01-01 00:00:00</endTime>
				<diffUTC>0</diffUTC>
				<SeismicInstrument code="HTC _ASPSC">
					<name>Near-surface seismometer analog short-period single-component
					</name>
					<comments>Site:HILTON CREEK</comments>
					<startTime>1984-07-19 12:00:00</startTime>
					<endTime>9999-01-01 00:00:00</endTime>
				</SeismicInstrument>
			</SeismicStation>
			<SeismicStation code="MLC " owner1="USGS" owner2="LVO"
				pubDate="2008-01-01 00:00:00">
				<name>Laurel Creek Canyon </name>
				<description>Sensor:L4C,Archive:UCB/NCEDC</description>
				<comments>Ref: Guffanti et al., 2010, Volcano- monitoring
					instrumentation in the United States, 2008: USGS Open-File Report
					2009–1165</comments>
				<lat>37.6121</lat>
				<lon>-118.9153</lon>
				<elev>2471.00</elev>
				<startTime>1982-08-05 12:00:00</startTime>
				<endTime>9999-01-01 00:00:00</endTime>
				<diffUTC>0</diffUTC>
				<SeismicInstrument code="MLC _ASPSC">
					<name>Near-surface seismometer analog short-period single-component
					</name>
					<comments>Site:Laurel Creek Canyon </comments>
					<startTime>1982-08-05 12:00:00</startTime>
					<endTime>9999-01-01 00:00:00</endTime>
				</SeismicInstrument>
			</SeismicStation>
			<SeismicStation code="MLH " owner1="USGS" owner2="LVO"
				pubDate="2008-01-01 00:00:00">
				<name>Little Hot Creek</name>
				<description>Sensor:L4C,Archive:UCB/NCEDC</description>
				<comments>Ref: Guffanti et al., 2010, Volcano- monitoring
					instrumentation in the United States, 2008: USGS Open-File Report
					2009–1165</comments>
				<lat>37.6786</lat>
				<lon>-118.8150</lon>
				<elev>2101.00</elev>
				<startTime>1989-08-03 12:00:00</startTime>
				<endTime>9999-01-01 00:00:00</endTime>
				<diffUTC>0</diffUTC>
				<SeismicInstrument code="MLH _ASPSC">
					<name>Near-surface seismometer analog short-period single-component
					</name>
					<comments>Site:Little Hot Creek</comments>
					<startTime>1989-08-03 12:00:00</startTime>
					<endTime>9999-01-01 00:00:00</endTime>
				</SeismicInstrument>
			</SeismicStation>
			<SeismicStation code="MLM " owner1="USGS" owner2="LVO"
				pubDate="2008-01-01 00:00:00">
				<name>Lookout Mountain  </name>
				<description>Sensor:L4C,Archive:UCB/NCEDC</description>
				<comments>Ref: Guffanti et al., 2010, Volcano- monitoring
					instrumentation in the United States, 2008: USGS Open-File Report
					2009–1165</comments>
				<lat>37.7280</lat>
				<lon>-118.9469</lon>
				<elev>2501.00</elev>
				<startTime>1979-11-12 12:00:00</startTime>
				<endTime>9999-01-01 00:00:00</endTime>
				<diffUTC>0</diffUTC>
				<SeismicInstrument code="MLM _ASPSC">
					<name>Near-surface seismometer analog short-period single-component
					</name>
					<comments>Site:Lookout Mountain  </comments>
					<startTime>1979-11-12 12:00:00</startTime>
					<endTime>9999-01-01 00:00:00</endTime>
				</SeismicInstrument>
			</SeismicStation>
			<SeismicStation code="MLK " owner1="USGS" owner2="LVO"
				pubDate="2008-01-01 00:00:00">
				<name>Mammoth Lakes   </name>
				<description>Sensor:L4C,Archive:UCB/NCEDC</description>
				<comments>Ref: Guffanti et al., 2010, Volcano- monitoring
					instrumentation in the United States, 2008: USGS Open-File Report
					2009–1165</comments>
				<lat>37.6641</lat>
				<lon>-118.9765</lon>
				<elev>2644.00</elev>
				<startTime>1982-08-05 12:00:00</startTime>
				<endTime>9999-01-01 00:00:00</endTime>
				<diffUTC>0</diffUTC>
				<SeismicInstrument code="MLK _ASPSC">
					<name>Near-surface seismometer analog short-period single-component
					</name>
					<comments>Site:Mammoth Lakes   </comments>
					<startTime>1982-08-05 12:00:00</startTime>
					<endTime>9999-01-01 00:00:00</endTime>
				</SeismicInstrument>
			</SeismicStation>
			<SeismicStation code="MMP " owner1="USGS" owner2="LVO"
				pubDate="2008-01-01 00:00:00">
				<name>Mammoth Pass</name>
				<description>Sensor:L4C,Archive:UCB/NCEDC</description>
				<comments>Ref: Guffanti et al., 2010, Volcano- monitoring
					instrumentation in the United States, 2008: USGS Open-File Report
					2009–1165</comments>
				<lat>37.6097</lat>
				<lon>-119.0287</lon>
				<elev>2818.00</elev>
				<startTime>1983-08-26 12:00:00</startTime>
				<endTime>9999-01-01 00:00:00</endTime>
				<diffUTC>0</diffUTC>
				<SeismicInstrument code="MMP _ASPSC">
					<name>Near-surface seismometer analog short-period single-component
					</name>
					<comments>Site:Mammoth Pass</comments>
					<startTime>1983-08-26 12:00:00</startTime>
					<endTime>9999-01-01 00:00:00</endTime>
				</SeismicInstrument>
			</SeismicStation>
			<SeismicStation code="MMS " owner1="USGS" owner2="LVO"
				pubDate="2008-01-01 00:00:00">
				<name>Mammoth Summit</name>
				<description>Sensor:L4C,Archive:UCB/NCEDC</description>
				<comments>Ref: Guffanti et al., 2010, Volcano- monitoring
					instrumentation in the United States, 2008: USGS Open-File Report
					2009–1165</comments>
				<lat>37.6304</lat>
				<lon>-119.0317</lon>
				<elev>3324.00</elev>
				<startTime>1989-07-28 12:00:00</startTime>
				<endTime>9999-01-01 00:00:00</endTime>
				<diffUTC>0</diffUTC>
				<SeismicInstrument code="MMS _ASPSC">
					<name>Near-surface seismometer analog short-period single-component
					</name>
					<comments>Site:Mammoth Summit</comments>
					<startTime>1989-07-28 12:00:00</startTime>
					<endTime>9999-01-01 00:00:00</endTime>
				</SeismicInstrument>
			</SeismicStation>
			<SeismicStation code="MGN " owner1="USGS" owner2="LVO"
				pubDate="2008-01-01 00:00:00">
				<name>McGee Canyon</name>
				<description>Sensor:L4C ,Archive:UCB/NCEDC</description>
				<comments>Ref: Guffanti et al., 2010, Volcano- monitoring
					instrumentation in the United States, 2008: USGS Open-File Report
					2009–1165</comments>
				<lat>37.8133</lat>
				<lon>-118.6955</lon>
				<elev>2522.00</elev>
				<startTime>1980-11-21 12:00:00</startTime>
				<endTime>9999-01-01 00:00:00</endTime>
				<diffUTC>0</diffUTC>
				<SeismicInstrument code="MGN _ASPSC">
					<name>Near-surface seismometer analog short-period single-component
					</name>
					<comments>Site:McGee Canyon</comments>
					<startTime>1980-11-21 12:00:00</startTime>
					<endTime>9999-01-01 00:00:00</endTime>
				</SeismicInstrument>
			</SeismicStation>
			<SeismicStation code="MLN " owner1="USGS" owner2="LVO"
				pubDate="2008-01-01 00:00:00">
				<name>Millner Creek</name>
				<description>Sensor:Geospace-HS10,Archive:UCB/NCEDC</description>
				<comments>Ref: Guffanti et al., 2010, Volcano- monitoring
					instrumentation in the United States, 2008: USGS Open-File Report
					2009–1165</comments>
				<lat>37.5938</lat>
				<lon>-118.3427</lon>
				<elev>1780.00</elev>
				<startTime>1984-09-13 12:00:00</startTime>
				<endTime>9999-01-01 00:00:00</endTime>
				<diffUTC>0</diffUTC>
				<SeismicInstrument code="MLN _ASPSC">
					<name>Near-surface seismometer analog short-period single-component
					</name>
					<comments>Site:Millner Creek</comments>
					<startTime>1984-09-13 12:00:00</startTime>
					<endTime>9999-01-01 00:00:00</endTime>
				</SeismicInstrument>
			</SeismicStation>
			<SeismicStation code="MCC " owner1="USGS" owner2="LVO"
				pubDate="2008-01-01 00:00:00">
				<name>Mono Craters</name>
				<description>Sensor:L4C ,Archive:UCB/NCEDC</description>
				<comments>Ref: Guffanti et al., 2010, Volcano- monitoring
					instrumentation in the United States, 2008: USGS Open-File Report
					2009–1165</comments>
				<lat>37.9195</lat>
				<lon>-119.0243</lon>
				<elev>2194.00</elev>
				<startTime>2002-09-18 12:00:00</startTime>
				<endTime>9999-01-01 00:00:00</endTime>
				<diffUTC>0</diffUTC>
				<SeismicInstrument code="MCC _ASPSC">
					<name>Near-surface seismometer analog short-period single-component
					</name>
					<comments>Site:Mono Craters</comments>
					<startTime>2002-09-18 12:00:00</startTime>
					<endTime>9999-01-01 00:00:00</endTime>
				</SeismicInstrument>
			</SeismicStation>
			<SeismicStation code="MMT " owner1="USGS" owner2="LVO"
				pubDate="2008-01-01 00:00:00">
				<name>Mount Tom</name>
				<description>Sensor:L4C,Archive:UCB/NCEDC</description>
				<comments>Ref: Guffanti et al., 2010, Volcano- monitoring
					instrumentation in the United States, 2008: USGS Open-File Report
					2009–1165</comments>
				<lat>37.3760</lat>
				<lon>-119.1796</lon>
				<elev>2714.00</elev>
				<startTime>1989-06-16 12:00:00</startTime>
				<endTime>9999-01-01 00:00:00</endTime>
				<diffUTC>0</diffUTC>
				<SeismicInstrument code="MMT _ASPSC">
					<name>Near-surface seismometer analog short-period single-component
					</name>
					<comments>Site:Mount Tom</comments>
					<startTime>1989-06-16 12:00:00</startTime>
					<endTime>9999-01-01 00:00:00</endTime>
				</SeismicInstrument>
			</SeismicStation>
			<SeismicStation code="ORC " owner1="USGS" owner2="LVO"
				pubDate="2008-01-01 00:00:00">
				<name>Owens River</name>
				<description>Sensor:L4C ,Archive:UCB/NCEDC</description>
				<comments>Ref: Guffanti et al., 2010, Volcano- monitoring
					instrumentation in the United States, 2008: USGS Open-File Report
					2009–1165</comments>
				<lat>37.6353</lat>
				<lon>-118.6560</lon>
				<elev>2301.00</elev>
				<startTime>1979-11-01 12:00:00</startTime>
				<endTime>9999-01-01 00:00:00</endTime>
				<diffUTC>0</diffUTC>
				<SeismicInstrument code="ORC _ASPSC">
					<name>Near-surface seismometer analog short-period single-component
					</name>
					<comments>Site:Owens River</comments>
					<startTime>1979-11-01 12:00:00</startTime>
					<endTime>9999-01-01 00:00:00</endTime>
				</SeismicInstrument>
			</SeismicStation>
			<SeismicStation code="POC " owner1="USGS" owner2="LVO"
				pubDate="2008-01-01 00:00:00">
				<name>Poleta Canyon</name>
				<description>Sensor:L4C ,Archive:UCB/NCEDC</description>
				<comments>Ref: Guffanti et al., 2010, Volcano- monitoring
					instrumentation in the United States, 2008: USGS Open-File Report
					2009–1165</comments>
				<lat>37.3623</lat>
				<lon>-118.2792</lon>
				<elev>1799.00</elev>
				<startTime>1984-09-13 12:00:00</startTime>
				<endTime>9999-01-01 00:00:00</endTime>
				<diffUTC>0</diffUTC>
				<SeismicInstrument code="POC _ASPSC">
					<name>Near-surface seismometer analog short-period single-component
					</name>
					<comments>Site:Poleta Canyon</comments>
					<startTime>1984-09-13 12:00:00</startTime>
					<endTime>9999-01-01 00:00:00</endTime>
				</SeismicInstrument>
			</SeismicStation>
			<SeismicStation code="MRD " owner1="USGS" owner2="LVO"
				pubDate="2008-01-01 00:00:00">
				<name>Red Cones</name>
				<description>Sensor:L4C,Archive:UCB/NCEDC</description>
				<comments>Ref: Guffanti et al., 2010, Volcano- monitoring
					instrumentation in the United States, 2008: USGS Open-File Report
					2009–1165</comments>
				<lat>37.5978</lat>
				<lon>-119.0587</lon>
				<elev>2657.00</elev>
				<startTime>1989-07-27 12:00:00</startTime>
				<endTime>9999-01-01 00:00:00</endTime>
				<diffUTC>0</diffUTC>
				<SeismicInstrument code="MRD _ASPSC">
					<name>Near-surface seismometer analog short-period single-component
					</name>
					<comments>Site:Red Cones</comments>
					<startTime>1989-07-27 12:00:00</startTime>
					<endTime>9999-01-01 00:00:00</endTime>
				</SeismicInstrument>
			</SeismicStation>
			<SeismicStation code="MRC " owner1="USGS" owner2="LVO"
				pubDate="2008-01-01 00:00:00">
				<name>Red Rock Canyon</name>
				<description>Sensor:L4C,Archive:UCB/NCEDC</description>
				<comments>Ref: Guffanti et al., 2010, Volcano- monitoring
					instrumentation in the United States, 2008: USGS Open-File Report
					2009–1165</comments>
				<lat>37.6737</lat>
				<lon>-118.5071</lon>
				<elev>2023.00</elev>
				<startTime>1986-07-23 12:00:00</startTime>
				<endTime>9999-01-01 00:00:00</endTime>
				<diffUTC>0</diffUTC>
				<SeismicInstrument code="MRC _ASPSC">
					<name>Near-surface seismometer analog short-period single-component
					</name>
					<comments>Site:Red Rock Canyon</comments>
					<startTime>1986-07-23 12:00:00</startTime>
					<endTime>9999-01-01 00:00:00</endTime>
				</SeismicInstrument>
			</SeismicStation>
			<SeismicStation code="RCC " owner1="USGS" owner2="LVO"
				pubDate="2008-01-01 00:00:00">
				<name>Rock Creek Canyon</name>
				<description>Sensor:L4C ,Archive:UCB/NCEDC</description>
				<comments>Ref: Guffanti et al., 2010, Volcano- monitoring
					instrumentation in the United States, 2008: USGS Open-File Report
					2009–1165</comments>
				<lat>37.4877</lat>
				<lon>-118.7217</lon>
				<elev>2800.00</elev>
				<startTime>1983-10-27 12:00:00</startTime>
				<endTime>9999-01-01 00:00:00</endTime>
				<diffUTC>0</diffUTC>
				<SeismicInstrument code="RCC _ASPSC">
					<name>Near-surface seismometer analog short-period single-component
					</name>
					<comments>Site:Rock Creek Canyon</comments>
					<startTime>1983-10-27 12:00:00</startTime>
					<endTime>9999-01-01 00:00:00</endTime>
				</SeismicInstrument>
			</SeismicStation>
			<SeismicStation code="SCH " owner1="USGS" owner2="LVO"
				pubDate="2008-01-01 00:00:00">
				<name>Scheelite</name>
				<description>Sensor:L4C ,Archive:UCB/NCEDC</description>
				<comments>Ref: Guffanti et al., 2010, Volcano- monitoring
					instrumentation in the United States, 2008: USGS Open-File Report
					2009–1165</comments>
				<lat>37.3658</lat>
				<lon>-118.6870</lon>
				<elev>2365.00</elev>
				<startTime>1981-01-08 12:00:00</startTime>
				<endTime>9999-01-01 00:00:00</endTime>
				<diffUTC>0</diffUTC>
				<SeismicInstrument code="SCH _ASPSC">
					<name>Near-surface seismometer analog short-period single-component
					</name>
					<comments>Site:Scheelite</comments>
					<startTime>1981-01-08 12:00:00</startTime>
					<endTime>9999-01-01 00:00:00</endTime>
				</SeismicInstrument>
			</SeismicStation>
			<SeismicStation code="MSL " owner1="USGS" owner2="LVO"
				pubDate="2008-01-01 00:00:00">
				<name>Sherwin Lakes</name>
				<description>Sensor:L4C,Archive:UCB/NCEDC</description>
				<comments>Ref: Guffanti et al., 2010, Volcano- monitoring
					instrumentation in the United States, 2008: USGS Open-File Report
					2009–1165</comments>
				<lat>37.6167</lat>
				<lon>-118.9566</lon>
				<elev>2479.00</elev>
				<startTime>1982-05-05 12:00:00</startTime>
				<endTime>9999-01-01 00:00:00</endTime>
				<diffUTC>0</diffUTC>
				<SeismicInstrument code="MSL _ASPSC">
					<name>Near-surface seismometer analog short-period single-component
					</name>
					<comments>Site:Sherwin Lakes</comments>
					<startTime>1982-05-05 12:00:00</startTime>
					<endTime>9999-01-01 00:00:00</endTime>
				</SeismicInstrument>
			</SeismicStation>
			<SeismicStation code="SLK " owner1="USGS" owner2="LVO"
				pubDate="2008-01-01 00:00:00">
				<name>Silver Lake</name>
				<description>Sensor:L4C ,Archive:UCB/NCEDC</description>
				<comments>Ref: Guffanti et al., 2010, Volcano- monitoring
					instrumentation in the United States, 2008: USGS Open-File Report
					2009–1165</comments>
				<lat>37.8340</lat>
				<lon>-119.1287</lon>
				<elev>2438.00</elev>
				<startTime>1983-07-28 12:00:00</startTime>
				<endTime>9999-01-01 00:00:00</endTime>
				<diffUTC>0</diffUTC>
				<SeismicInstrument code="SLK _ASPSC">
					<name>Near-surface seismometer analog short-period single-component
					</name>
					<comments>Site:Silver Lake</comments>
					<startTime>1983-07-28 12:00:00</startTime>
					<endTime>9999-01-01 00:00:00</endTime>
				</SeismicInstrument>
			</SeismicStation>
			<SeismicStation code="MTC " owner1="USGS" owner2="LVO"
				pubDate="2008-01-01 00:00:00">
				<name>Tac Room Lo Gain</name>
				<description>Sensor:L4C,Archive:UCB/NCEDC</description>
				<comments>Ref: Guffanti et al., 2010, Volcano- monitoring
					instrumentation in the United States, 2008: USGS Open-File Report
					2009–1165</comments>
				<lat>37.6316</lat>
				<lon>-118.9661</lon>
				<elev>2371.00</elev>
				<startTime>1982-11-09 12:00:00</startTime>
				<endTime>9999-01-01 00:00:00</endTime>
				<diffUTC>0</diffUTC>
				<SeismicInstrument code="MTC _ASPSC">
					<name>Near-surface seismometer analog short-period single-component
					</name>
					<comments>Site:Tac Room Lo Gain</comments>
					<startTime>1982-11-09 12:00:00</startTime>
					<endTime>9999-01-01 00:00:00</endTime>
				</SeismicInstrument>
			</SeismicStation>
			<SeismicStation code="MTU " owner1="USGS" owner2="LVO"
				pubDate="2008-01-01 00:00:00">
				<name>Tungsten Hills</name>
				<description>Sensor:L4C,Archive:UCB/NCEDC</description>
				<comments>Ref: Guffanti et al., 2010, Volcano- monitoring
					instrumentation in the United States, 2008: USGS Open-File Report
					2009–1165</comments>
				<lat>37.3532</lat>
				<lon>-118.5633</lon>
				<elev>1792.00</elev>
				<startTime>1984-12-14 12:00:00</startTime>
				<endTime>9999-01-01 00:00:00</endTime>
				<diffUTC>0</diffUTC>
				<SeismicInstrument code="MTU _ASPSC">
					<name>Near-surface seismometer analog short-period single-component
					</name>
					<comments>Site:Tungsten Hills</comments>
					<startTime>1984-12-14 12:00:00</startTime>
					<endTime>9999-01-01 00:00:00</endTime>
				</SeismicInstrument>
			</SeismicStation>
			<SeismicStation code="WMD " owner1="USGS" owner2="LVO"
				pubDate="2008-01-01 00:00:00">
				<name>WELLS MEADOWS</name>
				<description>Sensor:L4C ,Archive:UCB/NCEDC</description>
				<comments>Ref: Guffanti et al., 2010, Volcano- monitoring
					instrumentation in the United States, 2008: USGS Open-File Report
					2009–1165</comments>
				<lat>37.4435</lat>
				<lon>-118.6370</lon>
				<elev>1683.00</elev>
				<startTime>1983-10-27 12:00:00</startTime>
				<endTime>9999-01-01 00:00:00</endTime>
				<diffUTC>0</diffUTC>
				<SeismicInstrument code="WMD _ASPSC">
					<name>Near-surface seismometer analog short-period single-component
					</name>
					<comments>Site:WELLS MEADOWS</comments>
					<startTime>1983-10-27 12:00:00</startTime>
					<endTime>9999-01-01 00:00:00</endTime>
				</SeismicInstrument>
			</SeismicStation>
			<SeismicStation code="MDP " owner1="USGS" owner2="LVO"
				pubDate="2008-01-01 00:00:00">
				<name>Devils Postpile</name>
				<description>Sensor:L4C,Archive:UCB/NCEDC</description>
				<comments>Ref: Guffanti et al., 2010, Volcano- monitoring
					instrumentation in the United States, 2008: USGS Open-File Report
					2009–1165</comments>
				<lat>37.6325</lat>
				<lon>-119.0797</lon>
				<elev>2315.00</elev>
				<startTime>1984-10-20 12:00:00</startTime>
				<endTime>9999-01-01 00:00:00</endTime>
				<diffUTC>0</diffUTC>
				<SeismicInstrument code="MDP _ASPMC">
					<name>Near-surface seismometer analog short-period multi-component
					</name>
					<comments>Site:Devils Postpile</comments>
					<startTime>1984-10-20 12:00:00</startTime>
					<endTime>9999-01-01 00:00:00</endTime>
				</SeismicInstrument>
			</SeismicStation>
			<SeismicStation code="MDR " owner1="USGS" owner2="LVO"
				pubDate="2008-01-01 00:00:00">
				<name>Doe Ridge</name>
				<description>Sensor:L4C,Archive:UCB/NCEDC</description>
				<comments>Ref: Guffanti et al., 2010, Volcano- monitoring
					instrumentation in the United States, 2008: USGS Open-File Report
					2009–1165</comments>
				<lat>37.6380</lat>
				<lon>-118.8359</lon>
				<elev>2191.00</elev>
				<startTime>1983-01-09 12:00:00</startTime>
				<endTime>9999-01-01 00:00:00</endTime>
				<diffUTC>0</diffUTC>
				<SeismicInstrument code="MDR _ASPMC">
					<name>Near-surface seismometer analog short-period multi-component
					</name>
					<comments>Site:Doe Ridge</comments>
					<startTime>1983-01-09 12:00:00</startTime>
					<endTime>9999-01-01 00:00:00</endTime>
				</SeismicInstrument>
			</SeismicStation>
			<SeismicStation code="MEM " owner1="USGS" owner2="LVO"
				pubDate="2008-01-01 00:00:00">
				<name>East Mammoth</name>
				<description>Sensor:L4C,Archive:UCB/NCEDC</description>
				<comments>Ref: Guffanti et al., 2010, Volcano- monitoring
					instrumentation in the United States, 2008: USGS Open-File Report
					2009–1165</comments>
				<lat>37.6660</lat>
				<lon>-118.9398</lon>
				<elev>2473.00</elev>
				<startTime>1982-02-28 12:00:00</startTime>
				<endTime>9999-01-01 00:00:00</endTime>
				<diffUTC>0</diffUTC>
				<SeismicInstrument code="MEM _ASPMC">
					<name>Near-surface seismometer analog short-period multi-component
					</name>
					<comments>Site:East Mammoth</comments>
					<startTime>1982-02-28 12:00:00</startTime>
					<endTime>9999-01-01 00:00:00</endTime>
				</SeismicInstrument>
			</SeismicStation>
			<SeismicStation code="GDXB" owner1="USGS" owner2="LVO"
				pubDate="2008-01-01 00:00:00">
				<name>Geysers BB</name>
				<description>Sensor:Guralp 40T,Archive:NCEDC</description>
				<comments>Ref: Guffanti et al., 2010, Volcano- monitoring
					instrumentation in the United States, 2008: USGS Open-File Report
					2009–1165</comments>
				<lat>38.8078</lat>
				<lon>-122.7947</lon>
				<elev>910.00</elev>
				<startTime>2006-05-23 12:00:00</startTime>
				<endTime>9999-01-01 00:00:00</endTime>
				<diffUTC>0</diffUTC>
				<SeismicInstrument code="GDXB_DB3C">
					<name>Near-surface seismometer digital broadband 3-component</name>
					<comments>Site:Geysers BB</comments>
					<startTime>2006-05-23 12:00:00</startTime>
					<endTime>9999-01-01 00:00:00</endTime>
				</SeismicInstrument>
				<SeismicInstrument code="GDXB_DSM3CA">
					<name>Near-surface seismometer digital strong-motion 3-component
						accelerometer </name>
					<comments>Site:Geysers FBA</comments>
					<startTime>2006-05-23 12:00:00</startTime>
					<endTime>9999-01-01 00:00:00</endTime>
				</SeismicInstrument>
			</SeismicStation>
			<SeismicStation code="MCB " owner1="USGS" owner2="LVO"
				pubDate="2008-01-01 00:00:00">
				<name>Casa Benchmark </name>
				<description>Sensor:Episensor,Archive:UCB/NCEDC</description>
				<comments>Ref: Guffanti et al., 2010, Volcano- monitoring
					instrumentation in the United States, 2008: USGS Open-File Report
					2009–1165</comments>
				<lat>37.6444</lat>
				<lon>-118.8968</lon>
				<elev>3695.00</elev>
				<startTime>2002-09-20 12:00:00</startTime>
				<endTime>9999-01-01 00:00:00</endTime>
				<diffUTC>0</diffUTC>
				<SeismicInstrument code="MCB _DB3C">
					<name>Near-surface seismometer digital broadband 3-component</name>
					<comments>Site:Casa Benchmark </comments>
					<startTime>2002-09-20 12:00:00</startTime>
					<endTime>9999-01-01 00:00:00</endTime>
				</SeismicInstrument>
				<SeismicInstrument code="MCB _DB3C1">
					<name>Near-surface seismometer digital broadband 3-component</name>
					<comments>Site:Casa Benchmark </comments>
					<startTime>2002-09-20 12:00:00</startTime>
					<endTime>9999-01-01 00:00:00</endTime>
				</SeismicInstrument>
			</SeismicStation>
			<SeismicStation code="OMM " owner1="USGS" owner2="LVO"
				pubDate="2008-01-01 00:00:00">
				<name>Old Mammoth Mine</name>
				<description>Sensor:Guralp CMG3ESP,Archive:UCB/NCEDC</description>
				<comments>Ref: Guffanti et al., 2010, Volcano- monitoring
					instrumentation in the United States, 2008: USGS Open-File Report
					2009–1165</comments>
				<lat>37.6124</lat>
				<lon>-118.9994</lon>
				<elev>2750.00</elev>
				<startTime>2002-01-01 12:00:00</startTime>
				<endTime>9999-01-01 00:00:00</endTime>
				<diffUTC>0</diffUTC>
				<SeismicInstrument code="OMM _DB3C">
					<name>Near-surface seismometer digital broadband 3-component</name>
					<comments>Site:Old Mammoth Mine</comments>
					<startTime>2002-01-01 12:00:00</startTime>
					<endTime>9999-01-01 00:00:00</endTime>
				</SeismicInstrument>
			</SeismicStation>
			<SeismicStation code="1809" owner1="USGS" owner2="LVO"
				pubDate="2008-01-01 00:00:00">
				<name>Haiwee Reservoir; Pumping Plan</name>
				<description>Sensor:Etna - EpiSen,Archive:USGS-NSMP</description>
				<comments>Ref: Guffanti et al., 2010, Volcano- monitoring
					instrumentation in the United States, 2008: USGS Open-File Report
					2009–1165</comments>
				<lat>36.1096</lat>
				<lon>-117.9565</lon>
				<elev>1092.70</elev>
				<startTime>2001-02-21 12:00:00</startTime>
				<endTime>9999-01-01 00:00:00</endTime>
				<diffUTC>0</diffUTC>
				<SeismicInstrument code="1809_DSM3CA">
					<name>Near-surface seismometer digital strong-motion 3-component
						accelerometer </name>
					<comments>Site:Haiwee Reservoir; Pumping Plant </comments>
					<startTime>2001-02-21 12:00:00</startTime>
					<endTime>9999-01-01 00:00:00</endTime>
				</SeismicInstrument>
			</SeismicStation>
			<SeismicStation code="1661" owner1="USGS" owner2="LVO"
				pubDate="2008-01-01 00:00:00">
				<name>Mammoth Lakes Downhole Array</name>
				<description>Sensor:CRA1 strong motion
					accerlerometer,Archive:USGS-NSMP</description>
				<comments>Ref: Guffanti et al., 2010, Volcano- monitoring
					instrumentation in the United States, 2008: USGS Open-File Report
					2009–1165</comments>
				<lat>37.5500</lat>
				<lon>-118.8110</lon>
				<elev>2504.70</elev>
				<startTime>1984-11-07 12:00:00</startTime>
				<endTime>9999-01-01 00:00:00</endTime>
				<diffUTC>0</diffUTC>
				<SeismicInstrument code="1661_DSM3CA">
					<name>Near-surface seismometer digital strong-motion 3-component
						accelerometer </name>
					<comments>Site:Mammoth Lakes Downhole Array</comments>
					<startTime>1984-11-07 12:00:00</startTime>
					<endTime>9999-01-01 00:00:00</endTime>
				</SeismicInstrument>
				<SeismicInstrument code="1661_DSM3CA1">
					<name>Near-surface seismometer digital strong-motion 3-component
						accelerometer </name>
					<comments>Site:Mammoth Lakes Recorder Building</comments>
					<startTime>1984-11-29 12:00:00</startTime>
					<endTime>9999-01-01 00:00:00</endTime>
				</SeismicInstrument>
			</SeismicStation>
			<SeismicStation code="2019" owner1="USGS" owner2="LVO"
				pubDate="2008-01-01 00:00:00">
				<name>Carson City; Nevada Community </name>
				<description>Sensor:Etna Strong Motion
					Accelerograph,Archive:USGS-NSMP</description>
				<comments>Ref: Guffanti et al., 2010, Volcano- monitoring
					instrumentation in the United States, 2008: USGS Open-File Report
					2009–1165</comments>
				<lat>39.1857</lat>
				<lon>-119.7910</lon>
				<elev>1500.80</elev>
				<startTime>1986-04-07 12:00:00</startTime>
				<endTime>9999-01-01 00:00:00</endTime>
				<diffUTC>0</diffUTC>
				<SeismicInstrument code="2019_DSM3CA">
					<name>Near-surface seismometer digital strong-motion 3-component
						accelerometer </name>
					<comments>Site:Carson City; Nevada Community College </comments>
					<startTime>1986-04-07 12:00:00</startTime>
					<endTime>9999-01-01 00:00:00</endTime>
				</SeismicInstrument>
			</SeismicStation>
			<SeismicStation code="2023" owner1="USGS" owner2="LVO"
				pubDate="2008-01-01 00:00:00">
				<name>Reno, Sierra Pacific Power Co.</name>
				<description>Sensor:Etna Strong Motion
					Accelerograph,Archive:USGS-NSMP</description>
				<comments>Ref: Guffanti et al., 2010, Volcano- monitoring
					instrumentation in the United States, 2008: USGS Open-File Report
					2009–1165</comments>
				<lat>39.4673</lat>
				<lon>-119.7798</lon>
				<elev>1357.90</elev>
				<startTime>1998-11-05 12:00:00</startTime>
				<endTime>9999-01-01 00:00:00</endTime>
				<diffUTC>0</diffUTC>
				<SeismicInstrument code="2023_DSM3CA">
					<name>Near-surface seismometer digital strong-motion 3-component
						accelerometer </name>
					<comments>Site:Reno, Sierra Pacific Power Co.</comments>
					<startTime>1998-11-05 12:00:00</startTime>
					<endTime>9999-01-01 00:00:00</endTime>
				</SeismicInstrument>
			</SeismicStation>
			<SeismicStation code="2006" owner1="USGS" owner2="LVO"
				pubDate="2008-01-01 00:00:00">
				<name>Reno; University of Nevada </name>
				<description>Sensor:Etna Strong Motion
					Accelerograph,Archive:USGS-NSMP</description>
				<comments>Ref: Guffanti et al., 2010, Volcano- monitoring
					instrumentation in the United States, 2008: USGS Open-File Report
					2009–1165</comments>
				<lat>39.5400</lat>
				<lon>-119.8100</lon>
				<elev>1384.50</elev>
				<startTime>1990-08-23 12:00:00</startTime>
				<endTime>9999-01-01 00:00:00</endTime>
				<diffUTC>0</diffUTC>
				<SeismicInstrument code="2006_DSM3CA">
					<name>Near-surface seismometer digital strong-motion 3-component
						accelerometer </name>
					<comments>Site:Reno; University of Nevada </comments>
					<startTime>1990-08-23 12:00:00</startTime>
					<endTime>9999-01-01 00:00:00</endTime>
				</SeismicInstrument>
			</SeismicStation>
			<SeismicStation code="2008" owner1="USGS" owner2="LVO"
				pubDate="2008-01-01 00:00:00">
				<name>Reno; VA Hospital </name>
				<description>Sensor:Etna Strong Motion
					Accelerograph,Archive:USGS-NSMP</description>
				<comments>Ref: Guffanti et al., 2010, Volcano- monitoring
					instrumentation in the United States, 2008: USGS Open-File Report
					2009–1165</comments>
				<lat>39.5163</lat>
				<lon>-119.7990</lon>
				<elev>1361.90</elev>
				<startTime>1972-07-25 12:00:00</startTime>
				<endTime>9999-01-01 00:00:00</endTime>
				<diffUTC>0</diffUTC>
				<SeismicInstrument code="2008_DSM3CA">
					<name>Near-surface seismometer digital strong-motion 3-component
						accelerometer </name>
					<comments>Site:Reno; VA Hospital </comments>
					<startTime>1972-07-25 12:00:00</startTime>
					<endTime>9999-01-01 00:00:00</endTime>
				</SeismicInstrument>
			</SeismicStation>
		</SeismicNetwork>
	</MonitoringSystems>
</wovoml>