<?xml version="1.0" encoding="UTF-8" standalone="no"?>
<wovoml xmlns="http://www.wovodat.org" xmlns:xsi="http://www.w3.org/2001/XMLSchema-instance"
	pubDate="2008-01-01 00:00:00" version="1.1.0"
	xsi:schemaLocation="http://www.wovodat.org/WOVOdatV1.xsd">
	<MonitoringSystems owner1="NSF" pubDate="2008-01-01 00:00:00">
		<SeismicNetwork code="NSF-VMI-Seisnet-LVO" owner1="NSF"
			owner2="LVO" pubDate="2008-01-01 00:00:00">
			<Volcanoes>
				<volcanoCode>1203-17-</volcanoCode>
				<volcanoCode>1203-19-</volcanoCode>
				<volcanoCode>1203-16-</volcanoCode>
			</Volcanoes>
			<name>NSF VMI Seismic Network LVO</name>
			<description>Ref: Guffanti et al., 2010, Volcano- monitoring
				instrumentation in the United States, 2008: USGS Open-File Report
				2009–1165</description>
			<numberOfSeismo>3</numberOfSeismo>
			<numberOfBBSeismo>3</numberOfBBSeismo>
			<numberOfSMPSeismo>0</numberOfSMPSeismo>
			<numberOfDigiSeismo>3</numberOfDigiSeismo>
			<numberOfAnaSeismo>0</numberOfAnaSeismo>
			<numberOf3CompSeismo>3</numberOf3CompSeismo>
			<numberOfMicro>0</numberOfMicro>
			<startTime>1995-04-13 12:00:00</startTime>
			<endTime>9999-01-01 00:00:00</endTime>
			<diffUTC>0</diffUTC>
			<SeismicStation code="CWC" owner1="NSF" owner2="LVO"
				pubDate="2008-01-01 00:00:00">
				<name>Cottonwood Creek</name>
				<description>Sensor:Streckeisen Model STS-2,Archive:IRIS
				</description>
				<comments>Ref: Guffanti et al., 2010, Volcano- monitoring
					instrumentation in the United States, 2008: USGS Open-File Report
					2009–1165</comments>
				<lat>36.4399</lat>
				<lon>-118.0802</lon>
				<elev>1553.00</elev>
				<startTime>1995-04-13 12:00:00</startTime>
				<endTime>9999-01-01 00:00:00</endTime>
				<diffUTC>0</diffUTC>
				<SeismicInstrument code="CWC_DB3C">
					<name>Near-surface seismometer digital broadband 3-component</name>
					<comments>Site:Cottonwood Creek</comments>
					<startTime>1995-04-13 12:00:00</startTime>
					<endTime>9999-01-01 00:00:00</endTime>
				</SeismicInstrument>
			</SeismicStation>
			<SeismicStation code="CI-HEC" owner1="NSF" owner2="LVO"
				pubDate="2008-01-01 00:00:00">
				<name>Hector</name>
				<description>Sensor:Guralp CMG-3T,Archive:IRIS</description>
				<comments>Ref: Guffanti et al., 2010, Volcano- monitoring
					instrumentation in the United States, 2008: USGS Open-File Report
					2009–1165</comments>
				<lat>34.8295</lat>
				<lon>-116.3359</lon>
				<elev>936.58</elev>
				<startTime>2004-04-01 12:00:00</startTime>
				<endTime>9999-01-01 00:00:00</endTime>
				<diffUTC>0</diffUTC>
				<SeismicInstrument code="CI-HEC_DB3C">
					<name>Near-surface seismometer digital broadband 3-component</name>
					<comments>Site:Hector</comments>
					<startTime>2004-04-01 12:00:00</startTime>
					<endTime>9999-01-01 00:00:00</endTime>
				</SeismicInstrument>
			</SeismicStation>
			<SeismicStation code="GRA" owner1="NSF" owner2="LVO"
				pubDate="2008-01-01 00:00:00">
				<name>Grapevine Ranger Station</name>
				<description>Sensor:Guralp CMG-3T,Archive:IRIS</description>
				<comments>Ref: Guffanti et al., 2010, Volcano- monitoring
					instrumentation in the United States, 2008: USGS Open-File Report
					2009–1165</comments>
				<lat>37.0000</lat>
				<lon>-117.4000</lon>
				<elev>689.00</elev>
				<startTime>2004-04-01 12:00:00</startTime>
				<endTime>9999-01-01 00:00:00</endTime>
				<diffUTC>0</diffUTC>
				<SeismicInstrument code="GRA_DB3C">
					<name>Near-surface seismometer digital broadband 3-component</name>
					<comments>Site:Grapevine Ranger Station</comments>
					<startTime>2004-04-01 12:00:00</startTime>
					<endTime>9999-01-01 00:00:00</endTime>
				</SeismicInstrument>
			</SeismicStation>
		</SeismicNetwork>
	</MonitoringSystems>
</wovoml>