<?xml version="1.0" encoding="UTF-8" standalone="no"?>
<wovoml xmlns="http://www.wovodat.org" xmlns:xsi="http://www.w3.org/2001/XMLSchema-instance"
	pubDate="2008-01-01 00:00:00" version="1.1.0"
	xsi:schemaLocation="http://www.wovodat.org/WOVOdatV1.xsd">
	<MonitoringSystems owner1="USGS" pubDate="2008-01-01 00:00:00">
		<SeismicNetwork code="USGS-VMI-Seisnet-AVO" owner1="USGS"
			owner2="AVO" pubDate="2008-01-01 00:00:00">
			<Volcanoes>
				<volcanoCode>1101-112</volcanoCode>
				<volcanoCode>0804-20=</volcanoCode>
				<volcanoCode>1102-09</volcanoCode>
				<volcanoCode>1103-01-</volcanoCode>
				<volcanoCode>1102-27</volcanoCode>
				<volcanoCode>1102-26</volcanoCode>
				<volcanoCode>1103-05</volcanoCode>
				<volcanoCode>1104-06</volcanoCode>
				<volcanoCode>1101-37</volcanoCode>
				<volcanoCode>1102-13</volcanoCode>
				<volcanoCode>1103-03</volcanoCode>
				<volcanoCode>1103-04-</volcanoCode>
				<volcanoCode>1102-05-1</volcanoCode>
				<volcanoCode>1102-131</volcanoCode>
				<volcanoCode>1102-132</volcanoCode>
				<volcanoCode>1101-34</volcanoCode>
				<volcanoCode>1105-02</volcanoCode>
				<volcanoCode>1101-32-</volcanoCode>
				<volcanoCode>0804-20</volcanoCode>
				<volcanoCode>1101-16-</volcanoCode>
				<volcanoCode>1105-03</volcanoCode>
				<volcanoCode>1102-24</volcanoCode>
				<volcanoCode>1101-07</volcanoCode>
				<volcanoCode>1101-12</volcanoCode>
				<volcanoCode>1102-19</volcanoCode>
				<volcanoCode>1103-02</volcanoCode>
				<volcanoCode>1101-05</volcanoCode>
				<volcanoCode>1102-15</volcanoCode>
				<volcanoCode>1101-31</volcanoCode>
				<volcanoCode>1102-03</volcanoCode>
				<volcanoCode>0804-192</volcanoCode>
				<volcanoCode>1101-06</volcanoCode>
				<volcanoCode>1101-36</volcanoCode>
				<volcanoCode>1101-09</volcanoCode>
				<volcanoCode>1102-17</volcanoCode>
				<volcanoCode>1102-18</volcanoCode>
				<volcanoCode>1101-29-</volcanoCode>
			</Volcanoes>
			<name>USGS VMI Seismic Network AVO</name>
			<description>Ref: Guffanti et al., 2010, Volcano- monitoring
				instrumentation in the United States, 2008: USGS Open-File Report
				2009–1165</description>
			<numberOfSeismo>86</numberOfSeismo>
			<numberOfBBSeismo>20</numberOfBBSeismo>
			<numberOfSMPSeismo>59</numberOfSMPSeismo>
			<numberOfDigiSeismo>23</numberOfDigiSeismo>
			<numberOfAnaSeismo>58</numberOfAnaSeismo>
			<numberOf3CompSeismo>22</numberOf3CompSeismo>
			<numberOfMicro>5</numberOfMicro>
			<startTime>1971-09-13 12:00:00</startTime>
			<endTime>9999-01-01 00:00:00</endTime>
			<diffUTC>0</diffUTC>
			<SeismicStation code="ETKA" owner1="USGS" owner2="AVO"
				pubDate="2008-01-01 00:00:00">
				<name>Kagalaska Island</name>
				<description>Sensor:L4,Archive:AVO/AEIC/UAFGI</description>
				<comments>Ref: Guffanti et al., 2010, Volcano- monitoring
					instrumentation in the United States, 2008: USGS Open-File Report
					2009–1165</comments>
				<lat>51.8608</lat>
				<lon>-176.4079</lon>
				<elev>290.00</elev>
				<startTime>1999-09-15 12:00:00</startTime>
				<endTime>9999-01-01 00:00:00</endTime>
				<diffUTC>0</diffUTC>
				<SeismicInstrument code="ETKA_ASPSC">
					<name>Near-surface seismometer analog short-period single-component
					</name>
					<comments>Site:Kagalaska Island</comments>
					<startTime>1999-09-15 12:00:00</startTime>
					<endTime>9999-01-01 00:00:00</endTime>
				</SeismicInstrument>
			</SeismicStation>
			<SeismicStation code="ADAG" owner1="USGS" owner2="AVO"
				pubDate="2008-01-01 00:00:00">
				<name>Mount Adagdak</name>
				<description>Sensor:L4,Archive:AVO/AEIC/UAFGI</description>
				<comments>Ref: Guffanti et al., 2010, Volcano- monitoring
					instrumentation in the United States, 2008: USGS Open-File Report
					2009–1165</comments>
				<lat>51.9791</lat>
				<lon>-176.6037</lon>
				<elev>286.00</elev>
				<startTime>1999-09-15 12:00:00</startTime>
				<endTime>9999-01-01 00:00:00</endTime>
				<diffUTC>0</diffUTC>
				<SeismicInstrument code="ADAG_ASPSC">
					<name>Near-surface seismometer analog short-period single-component
					</name>
					<comments>Site:Mount Adagdak</comments>
					<startTime>1999-09-15 12:00:00</startTime>
					<endTime>9999-01-01 00:00:00</endTime>
				</SeismicInstrument>
			</SeismicStation>
			<SeismicStation code="ANAT" owner1="USGS" owner2="AVO"
				pubDate="2008-01-01 00:00:00">
				<name>Anatahan</name>
				<description>Sensor:L4,Archive:USGS</description>
				<comments>Ref: Guffanti et al., 2010, Volcano- monitoring
					instrumentation in the United States, 2008: USGS Open-File Report
					2009–1165</comments>
				<lat>16.3465</lat>
				<lon>145.6653</lon>
				<elev>520.00</elev>
				<startTime>2003-06-25 12:00:00</startTime>
				<endTime>2005-08-31 00:00:00</endTime>
				<diffUTC>0</diffUTC>
				<SeismicInstrument code="ANAT_ASPSC">
					<name>Near-surface seismometer analog short-period single-component
					</name>
					<comments>Site:Anatahan</comments>
					<startTime>2003-06-25 12:00:00</startTime>
					<endTime>2005-08-31 00:00:00</endTime>
				</SeismicInstrument>
				<SeismicInstrument code="ANAT_MCR">
					<name>Surface microbarometer(infrasonic sensor)</name>
					<comments>Site:Anatahan</comments>
					<startTime>2003-06-25 12:00:00</startTime>
					<endTime>2005-08-31 00:00:00</endTime>
				</SeismicInstrument>
			</SeismicStation>
			<SeismicStation code="ANA2" owner1="USGS" owner2="AVO"
				pubDate="2008-01-01 00:00:00">
				<name>Anatahan 2</name>
				<description>Sensor:L4,Archive:USGS</description>
				<comments>Ref: Guffanti et al., 2010, Volcano- monitoring
					instrumentation in the United States, 2008: USGS Open-File Report
					2009–1165</comments>
				<lat>16.3412</lat>
				<lon>145.7114</lon>
				<elev>249.00</elev>
				<startTime>2005-05-16 12:00:00</startTime>
				<endTime>9999-01-01 00:00:00</endTime>
				<diffUTC>0</diffUTC>
				<SeismicInstrument code="ANA2_ASPSC">
					<name>Near-surface seismometer analog short-period single-component
					</name>
					<comments>Site:Anatahan 2</comments>
					<startTime>2005-05-16 12:00:00</startTime>
					<endTime>9999-01-01 00:00:00</endTime>
				</SeismicInstrument>
				<SeismicInstrument code="ANA2_MCR">
					<name>Surface microbarometer(infrasonic sensor)</name>
					<comments>Site:Anatahan 2</comments>
					<startTime>2005-05-16 12:00:00</startTime>
					<endTime>9999-01-01 00:00:00</endTime>
				</SeismicInstrument>
			</SeismicStation>
			<SeismicStation code="AFOK" owner1="USGS" owner2="AVO"
				pubDate="2008-01-01 00:00:00">
				<name>Anatahan South Rim</name>
				<description>Sensor:L4,Archive:USGS</description>
				<comments>Ref: Guffanti et al., 2010, Volcano- monitoring
					instrumentation in the United States, 2008: USGS Open-File Report
					2009–1165</comments>
				<lat>16.3416</lat>
				<lon>145.6746</lon>
				<elev>396.00</elev>
				<startTime>2005-05-14 12:00:00</startTime>
				<endTime>9999-01-01 00:00:00</endTime>
				<diffUTC>0</diffUTC>
				<SeismicInstrument code="AFOK_ASPSC">
					<name>Near-surface seismometer analog short-period single-component
					</name>
					<comments>Site:Anatahan South Rim</comments>
					<startTime>2005-05-14 12:00:00</startTime>
					<endTime>2005-08-31 00:00:00</endTime>
				</SeismicInstrument>
				<SeismicInstrument code="AFOK_ASPMC">
					<name>Near-surface seismometer analog short-period multi-component
					</name>
					<comments>Site:Anatahan South Rim</comments>
					<startTime>2006-09-18 12:00:00</startTime>
					<endTime>9999-01-01 00:00:00</endTime>
				</SeismicInstrument>
				<SeismicInstrument code="AFOK_MCR">
					<name>Surface microbarometer(infrasonic sensor)</name>
					<comments>Site:Anatahan South Rim</comments>
					<startTime>2005-05-14 12:00:00</startTime>
					<endTime>2005-08-31 00:00:00</endTime>
				</SeismicInstrument>
			</SeismicStation>
			<SeismicStation code="ANAM" owner1="USGS" owner2="AVO"
				pubDate="2008-01-01 00:00:00">
				<name>Mugabe</name>
				<description>Sensor:L4,Archive:USGS</description>
				<comments>Ref: Guffanti et al., 2010, Volcano- monitoring
					instrumentation in the United States, 2008: USGS Open-File Report
					2009–1165</comments>
				<lat>16.3408</lat>
				<lon>145.6894</lon>
				<elev>457.00</elev>
				<startTime>2004-07-09 12:00:00</startTime>
				<endTime>2005-08-31 00:00:00</endTime>
				<diffUTC>0</diffUTC>
				<SeismicInstrument code="ANAM_ASPSC">
					<name>Near-surface seismometer analog short-period single-component
					</name>
					<comments>Site:Mugabe</comments>
					<startTime>2004-07-09 12:00:00</startTime>
					<endTime>2005-08-31 00:00:00</endTime>
				</SeismicInstrument>
				<SeismicInstrument code="ANAM_MCR">
					<name>Surface microbarometer(infrasonic sensor)</name>
					<comments>Site:Mugabe</comments>
					<startTime>2004-07-09 12:00:00</startTime>
					<endTime>2005-08-31 00:00:00</endTime>
				</SeismicInstrument>
			</SeismicStation>
			<SeismicStation code="ANKA " owner1="USGS" owner2="AVO"
				pubDate="2008-01-01 00:00:00">
				<name>Aniakchak</name>
				<description>Sensor:L4,Archive:AEIC/UAFGI</description>
				<comments>Ref: Guffanti et al., 2010, Volcano- monitoring
					instrumentation in the United States, 2008: USGS Open-File Report
					2009–1165</comments>
				<lat>56.9058</lat>
				<lon>-158.2288</lon>
				<elev>863.00</elev>
				<startTime>1994-08-01 12:00:00</startTime>
				<endTime>9999-01-01 00:00:00</endTime>
				<diffUTC>0</diffUTC>
				<SeismicInstrument code="ANKA _ASPSC">
					<name>Near-surface seismometer analog short-period single-component
					</name>
					<comments>Site:Aniakchak</comments>
					<startTime>1994-08-01 12:00:00</startTime>
					<endTime>9999-01-01 00:00:00</endTime>
				</SeismicInstrument>
			</SeismicStation>
			<SeismicStation code="AUE" owner1="USGS" owner2="AVO"
				pubDate="2008-01-01 00:00:00">
				<name>Augustine East</name>
				<description>Sensor:S13,Archive:AVO/AEIC/UAFGI</description>
				<comments>Ref: Guffanti et al., 2010, Volcano- monitoring
					instrumentation in the United States, 2008: USGS Open-File Report
					2009–1165</comments>
				<lat>59.3711</lat>
				<lon>-153.3773</lon>
				<elev>168.00</elev>
				<startTime>1980-10-29 12:00:00</startTime>
				<endTime>9999-01-01 00:00:00</endTime>
				<diffUTC>0</diffUTC>
				<SeismicInstrument code="AUE_ASPSC">
					<name>Near-surface seismometer analog short-period single-component
					</name>
					<comments>Site:Augustine East</comments>
					<startTime>1980-10-29 12:00:00</startTime>
					<endTime>9999-01-01 00:00:00</endTime>
				</SeismicInstrument>
				<SeismicInstrument code="AUE_MCR">
					<name>Surface microbarometer(infrasonic sensor)</name>
					<comments>Site:Augustine East</comments>
					<startTime>2006-01-06 12:00:00</startTime>
					<endTime>9999-01-01 00:00:00</endTime>
				</SeismicInstrument>
			</SeismicStation>
			<SeismicStation code="AUNW" owner1="USGS" owner2="AVO"
				pubDate="2008-01-01 00:00:00">
				<name>Augustine Northwest</name>
				<description>Sensor:L4,Archive:AVO/AEIC/UAFGI</description>
				<comments>Ref: Guffanti et al., 2010, Volcano- monitoring
					instrumentation in the United States, 2008: USGS Open-File Report
					2009–1165</comments>
				<lat>59.3775</lat>
				<lon>-153.4790</lon>
				<elev>160.00</elev>
				<startTime>2006-03-15 12:00:00</startTime>
				<endTime>9999-01-01 00:00:00</endTime>
				<diffUTC>0</diffUTC>
				<SeismicInstrument code="AUNW_ASPSC">
					<name>Near-surface seismometer analog short-period single-component
					</name>
					<comments>Site:Augustine Northwest</comments>
					<startTime>2006-03-15 12:00:00</startTime>
					<endTime>9999-01-01 00:00:00</endTime>
				</SeismicInstrument>
			</SeismicStation>
			<SeismicStation code="AUR" owner1="USGS" owner2="AVO"
				pubDate="2008-01-01 00:00:00">
				<name>Augustine Ridge</name>
				<description>Sensor:L4,Archive:AVO/AEIC/UAFGI</description>
				<comments>Ref: Guffanti et al., 2010, Volcano- monitoring
					instrumentation in the United States, 2008: USGS Open-File Report
					2009–1165</comments>
				<lat>59.3621</lat>
				<lon>-153.4335</lon>
				<elev>1225.00</elev>
				<startTime>1995-11-01 12:00:00</startTime>
				<endTime>2006-01-11 12:00:00</endTime>
				<diffUTC>0</diffUTC>
				<SeismicInstrument code="AUR_ASPSC">
					<name>Near-surface seismometer analog short-period single-component
					</name>
					<comments>Site:Augustine Ridge</comments>
					<startTime>1995-11-01 12:00:00</startTime>
					<endTime>2006-01-11 12:00:00</endTime>
				</SeismicInstrument>
			</SeismicStation>
			<SeismicStation code="AUS" owner1="USGS" owner2="AVO"
				pubDate="2008-01-01 00:00:00">
				<name>Augustine South</name>
				<description>Sensor:L4,Archive:AVO/AEIC/UAFGI</description>
				<comments>Ref: Guffanti et al., 2010, Volcano- monitoring
					instrumentation in the United States, 2008: USGS Open-File Report
					2009–1165</comments>
				<lat>59.3593</lat>
				<lon>-153.4329</lon>
				<elev>1226.00</elev>
				<startTime>1990-09-01 12:00:00</startTime>
				<endTime>2006-01-11 12:00:00</endTime>
				<diffUTC>0</diffUTC>
				<SeismicInstrument code="AUS_ASPSC">
					<name>Near-surface seismometer analog short-period single-component
					</name>
					<comments>Site:Augustine South</comments>
					<startTime>1990-09-01 12:00:00</startTime>
					<endTime>2006-01-11 12:00:00</endTime>
				</SeismicInstrument>
			</SeismicStation>
			<SeismicStation code="BGM" owner1="USGS" owner2="AVO"
				pubDate="2008-01-01 00:00:00">
				<name>Big Mountain</name>
				<description>Sensor:L4,Archive:AVO/AEIC/UAFGI</description>
				<comments>Ref: Guffanti et al., 2010, Volcano- monitoring
					instrumentation in the United States, 2008: USGS Open-File Report
					2009–1165</comments>
				<lat>59.3920</lat>
				<lon>-155.2315</lon>
				<elev>625.00</elev>
				<startTime>1978-09-08 12:00:00</startTime>
				<endTime>9999-01-01 00:00:00</endTime>
				<diffUTC>0</diffUTC>
				<SeismicInstrument code="BGM_ASPSC">
					<name>Near-surface seismometer analog short-period single-component
					</name>
					<comments>Site:Big Mountain</comments>
					<startTime>1978-09-08 12:00:00</startTime>
					<endTime>9999-01-01 00:00:00</endTime>
				</SeismicInstrument>
			</SeismicStation>
			<SeismicStation code="MMN" owner1="USGS" owner2="AVO"
				pubDate="2008-01-01 00:00:00">
				<name>MMN</name>
				<description>Sensor:S13,Archive:AVO/AEIC/UAFGI</description>
				<comments>Ref: Guffanti et al., 2010, Volcano- monitoring
					instrumentation in the United States, 2008: USGS Open-File Report
					2009–1165</comments>
				<lat>59.1845</lat>
				<lon>-154.3389</lon>
				<elev>442.00</elev>
				<startTime>1981-08-22 12:00:00</startTime>
				<endTime>9999-01-01 00:00:00</endTime>
				<diffUTC>0</diffUTC>
				<SeismicInstrument code="MMN_ASPSC">
					<name>Near-surface seismometer analog short-period single-component
					</name>
					<comments>Site:MMN</comments>
					<startTime>1981-08-22 12:00:00</startTime>
					<endTime>9999-01-01 00:00:00</endTime>
				</SeismicInstrument>
			</SeismicStation>
			<SeismicStation code="OPT" owner1="USGS" owner2="AVO"
				pubDate="2008-01-01 00:00:00">
				<name>Oil Point</name>
				<description>Sensor:S13,Archive:AVO/AEIC/UAFGI</description>
				<comments>Ref: Guffanti et al., 2010, Volcano- monitoring
					instrumentation in the United States, 2008: USGS Open-File Report
					2009–1165</comments>
				<lat>59.6526</lat>
				<lon>-153.2321</lon>
				<elev>634.00</elev>
				<startTime>1974-01-01 12:00:00</startTime>
				<endTime>9999-01-01 00:00:00</endTime>
				<diffUTC>0</diffUTC>
				<SeismicInstrument code="OPT_ASPSC">
					<name>Near-surface seismometer analog short-period single-component
					</name>
					<comments>Site:Oil Point</comments>
					<startTime>1974-01-01 12:00:00</startTime>
					<endTime>9999-01-01 00:00:00</endTime>
				</SeismicInstrument>
			</SeismicStation>
			<SeismicStation code="PDB" owner1="USGS" owner2="AVO"
				pubDate="2008-01-01 00:00:00">
				<name>Pedro Bay</name>
				<description>Sensor:S13,Archive:AVO/AEIC/UAFGI</description>
				<comments>Ref: Guffanti et al., 2010, Volcano- monitoring
					instrumentation in the United States, 2008: USGS Open-File Report
					2009–1165</comments>
				<lat>59.7841</lat>
				<lon>-154.1917</lon>
				<elev>360.00</elev>
				<startTime>1978-09-09 12:00:00</startTime>
				<endTime>9999-01-01 00:00:00</endTime>
				<diffUTC>0</diffUTC>
				<SeismicInstrument code="PDB_ASPSC">
					<name>Near-surface seismometer analog short-period single-component
					</name>
					<comments>Site:Pedro Bay</comments>
					<startTime>1978-09-09 12:00:00</startTime>
					<endTime>9999-01-01 00:00:00</endTime>
				</SeismicInstrument>
			</SeismicStation>
			<SeismicStation code="SYI" owner1="USGS" owner2="AVO"
				pubDate="2008-01-01 00:00:00">
				<name>Shuyak Island</name>
				<description>Sensor:L4,Archive:AVO/AEIC/UAFGI</description>
				<comments>Ref: Guffanti et al., 2010, Volcano- monitoring
					instrumentation in the United States, 2008: USGS Open-File Report
					2009–1165</comments>
				<lat>58.6100</lat>
				<lon>-152.3908</lon>
				<elev>149.00</elev>
				<startTime>1990-08-27 12:00:00</startTime>
				<endTime>9999-01-01 00:00:00</endTime>
				<diffUTC>0</diffUTC>
				<SeismicInstrument code="SYI_ASPSC">
					<name>Near-surface seismometer analog short-period single-component
					</name>
					<comments>Site:Shuyak Island</comments>
					<startTime>1990-08-27 12:00:00</startTime>
					<endTime>9999-01-01 00:00:00</endTime>
				</SeismicInstrument>
			</SeismicStation>
			<SeismicStation code="FOPK" owner1="USGS" owner2="AVO"
				pubDate="2008-01-01 00:00:00">
				<name>Fourpeaked</name>
				<description>Sensor:L4,Archive:AVO/AEIC/UAFGI</description>
				<comments>Ref: Guffanti et al., 2010, Volcano- monitoring
					instrumentation in the United States, 2008: USGS Open-File Report
					2009–1165</comments>
				<lat>58.7573</lat>
				<lon>-153.4760</lon>
				<elev>546.00</elev>
				<startTime>2006-09-25 12:00:00</startTime>
				<endTime>9999-01-01 00:00:00</endTime>
				<diffUTC>0</diffUTC>
				<SeismicInstrument code="FOPK_ASPSC">
					<name>Near-surface seismometer analog short-period single-component
					</name>
					<comments>Site:Fourpeaked</comments>
					<startTime>2006-09-25 12:00:00</startTime>
					<endTime>9999-01-01 00:00:00</endTime>
				</SeismicInstrument>
			</SeismicStation>
			<SeismicStation code="FONW" owner1="USGS" owner2="AVO"
				pubDate="2008-01-01 00:00:00">
				<name>Fourpeaked Northwest</name>
				<description>Sensor:L4,Archive:AVO/AEIC/UAFGI</description>
				<comments>Ref: Guffanti et al., 2010, Volcano- monitoring
					instrumentation in the United States, 2008: USGS Open-File Report
					2009–1165</comments>
				<lat>58.8341</lat>
				<lon>-153.9204</lon>
				<elev>905.00</elev>
				<startTime>2006-10-17 12:00:00</startTime>
				<endTime>9999-01-01 00:00:00</endTime>
				<diffUTC>0</diffUTC>
				<SeismicInstrument code="FONW_ASPSC">
					<name>Near-surface seismometer analog short-period single-component
					</name>
					<comments>Site:Fourpeaked Northwest</comments>
					<startTime>2006-10-17 12:00:00</startTime>
					<endTime>9999-01-01 00:00:00</endTime>
				</SeismicInstrument>
			</SeismicStation>
			<SeismicStation code="FOSS" owner1="USGS" owner2="AVO"
				pubDate="2008-01-01 00:00:00">
				<name>Fourpeaked Summit</name>
				<description>Sensor:L4,Archive:AVO/AEIC/UAFGI</description>
				<comments>Ref: Guffanti et al., 2010, Volcano- monitoring
					instrumentation in the United States, 2008: USGS Open-File Report
					2009–1165</comments>
				<lat>58.7987</lat>
				<lon>-153.6971</lon>
				<elev>1268.00</elev>
				<startTime>2006-10-14 12:00:00</startTime>
				<endTime>9999-01-01 00:00:00</endTime>
				<diffUTC>0</diffUTC>
				<SeismicInstrument code="FOSS_ASPSC">
					<name>Near-surface seismometer analog short-period single-component
					</name>
					<comments>Site:Fourpeaked Summit</comments>
					<startTime>2006-10-14 12:00:00</startTime>
					<endTime>9999-01-01 00:00:00</endTime>
				</SeismicInstrument>
			</SeismicStation>
			<SeismicStation code="STLK" owner1="USGS" owner2="AVO"
				pubDate="2008-01-01 00:00:00">
				<name>Strandline Lake</name>
				<description>Sensor:L4,Archive:AVO/AEIC/UAFGI</description>
				<comments>Ref: Guffanti et al., 2010, Volcano- monitoring
					instrumentation in the United States, 2008: USGS Open-File Report
					2009–1165</comments>
				<lat>61.4982</lat>
				<lon>-151.8349</lon>
				<elev>945.00</elev>
				<startTime>1997-09-01 12:00:00</startTime>
				<endTime>9999-01-01 00:00:00</endTime>
				<diffUTC>0</diffUTC>
				<SeismicInstrument code="STLK_ASPSC">
					<name>Near-surface seismometer analog short-period single-component
					</name>
					<comments>Site:Strandline Lake</comments>
					<startTime>1997-09-01 12:00:00</startTime>
					<endTime>9999-01-01 00:00:00</endTime>
				</SeismicInstrument>
			</SeismicStation>
			<SeismicStation code="REM " owner1="USGS" owner2="AVO"
				pubDate="2008-01-01 00:00:00">
				<name>Remote</name>
				<description>Sensor:L4,Archive:UAFGI</description>
				<comments>Ref: Guffanti et al., 2010, Volcano- monitoring
					instrumentation in the United States, 2008: USGS Open-File Report
					2009–1165</comments>
				<lat>65.9550</lat>
				<lon>-164.5778</lon>
				<elev>300.00</elev>
				<startTime>1990-01-01 00:00:00</startTime>
				<endTime>9999-01-01 00:00:00</endTime>
				<diffUTC>0</diffUTC>
				<SeismicInstrument code="REM _ASPSC">
					<name>Near-surface seismometer analog short-period single-component
					</name>
					<comments>Site:Remote</comments>
					<startTime>1990-01-01 00:00:00</startTime>
					<endTime>9999-01-01 00:00:00</endTime>
				</SeismicInstrument>
			</SeismicStation>
			<SeismicStation code="ISTK" owner1="USGS" owner2="AVO"
				pubDate="2008-01-01 00:00:00">
				<name>Isanotski   </name>
				<description>Sensor:L4,Archive:AVO/AEIC/UAFGI</description>
				<comments>Ref: Guffanti et al., 2010, Volcano- monitoring
					instrumentation in the United States, 2008: USGS Open-File Report
					2009–1165</comments>
				<lat>54.7312</lat>
				<lon>-163.7083</lon>
				<elev>704.00</elev>
				<startTime>1997-07-27 12:00:00</startTime>
				<endTime>2008-08-02 12:00:00</endTime>
				<diffUTC>0</diffUTC>
				<SeismicInstrument code="ISTK_ASPSC">
					<name>Near-surface seismometer analog short-period single-component
					</name>
					<comments>Site:Isanotski   </comments>
					<startTime>1997-07-27 12:00:00</startTime>
					<endTime>2008-08-02 12:00:00</endTime>
				</SeismicInstrument>
			</SeismicStation>
			<SeismicStation code="PLK3" owner1="USGS" owner2="AVO"
				pubDate="2008-01-01 00:00:00">
				<name>Peulik 3</name>
				<description>Sensor:L22,Archive:AVO/AEIC/UAFGI</description>
				<comments>Ref: Guffanti et al., 2010, Volcano- monitoring
					instrumentation in the United States, 2008: USGS Open-File Report
					2009–1165</comments>
				<lat>57.6880</lat>
				<lon>-156.2695</lon>
				<elev>494.00</elev>
				<startTime>2004-08-01 12:00:00</startTime>
				<endTime>9999-01-01 00:00:00</endTime>
				<diffUTC>0</diffUTC>
				<SeismicInstrument code="PLK3_ASPSC">
					<name>Near-surface seismometer analog short-period single-component
					</name>
					<comments>Site:Peulik 3</comments>
					<startTime>2004-08-01 12:00:00</startTime>
					<endTime>9999-01-01 00:00:00</endTime>
				</SeismicInstrument>
			</SeismicStation>
			<SeismicStation code="BGR" owner1="USGS" owner2="AVO"
				pubDate="2008-01-01 00:00:00">
				<name>Barrier Glacier II</name>
				<description>Sensor:L4,Archive:AVO/AEIC/UAFGI</description>
				<comments>Ref: Guffanti et al., 2010, Volcano- monitoring
					instrumentation in the United States, 2008: USGS Open-File Report
					2009–1165</comments>
				<lat>60.7569</lat>
				<lon>-152.4199</lon>
				<elev>985.00</elev>
				<startTime>1991-07-01 12:00:00</startTime>
				<endTime>9999-01-01 00:00:00</endTime>
				<diffUTC>0</diffUTC>
				<SeismicInstrument code="BGR_ASPSC">
					<name>Near-surface seismometer analog short-period single-component
					</name>
					<comments>Site:Barrier Glacier II</comments>
					<startTime>1991-07-01 12:00:00</startTime>
					<endTime>9999-01-01 00:00:00</endTime>
				</SeismicInstrument>
			</SeismicStation>
			<SeismicStation code="NKA" owner1="USGS" owner2="AVO"
				pubDate="2008-01-01 00:00:00">
				<name>Nikishka</name>
				<description>Sensor:L4,Archive:USGS</description>
				<comments>Ref: Guffanti et al., 2010, Volcano- monitoring
					instrumentation in the United States, 2008: USGS Open-File Report
					2009–1165</comments>
				<lat>60.7424</lat>
				<lon>-151.2401</lon>
				<elev>100.00</elev>
				<startTime>1971-09-13 12:00:00</startTime>
				<endTime>9999-01-01 00:00:00</endTime>
				<diffUTC>0</diffUTC>
				<SeismicInstrument code="NKA_ASPSC">
					<name>Near-surface seismometer analog short-period single-component
					</name>
					<comments>Site:Nikishka</comments>
					<startTime>1971-09-13 12:00:00</startTime>
					<endTime>9999-01-01 00:00:00</endTime>
				</SeismicInstrument>
			</SeismicStation>
			<SeismicStation code="PRYA " owner1="USGS" owner2="AVO"
				pubDate="2008-01-01 00:00:00">
				<name>Perryville</name>
				<description>Sensor:L4,Archive:UAFGI</description>
				<comments>Ref: Guffanti et al., 2010, Volcano- monitoring
					instrumentation in the United States, 2008: USGS Open-File Report
					2009–1165</comments>
				<lat>55.9088</lat>
				<lon>-160.1697</lon>
				<elev>20.00</elev>
				<startTime>1994-07-01 12:00:00</startTime>
				<endTime>9999-01-01 00:00:00</endTime>
				<diffUTC>0</diffUTC>
				<SeismicInstrument code="PRYA _ASPSC">
					<name>Near-surface seismometer analog short-period single-component
					</name>
					<comments>Site:Perryville</comments>
					<startTime>1994-07-01 12:00:00</startTime>
					<endTime>9999-01-01 00:00:00</endTime>
				</SeismicInstrument>
			</SeismicStation>
			<SeismicStation code="MRS " owner1="USGS" owner2="AVO"
				pubDate="2008-01-01 00:00:00">
				<name>Maars</name>
				<description>Sensor:L4,Archive:AEIC/UAFGI</description>
				<comments>Ref: Guffanti et al., 2010, Volcano- monitoring
					instrumentation in the United States, 2008: USGS Open-File Report
					2009–1165</comments>
				<lat>57.8567</lat>
				<lon>-156.4894</lon>
				<elev>131.00</elev>
				<startTime>1977-05-20 12:00:00</startTime>
				<endTime>9999-01-01 00:00:00</endTime>
				<diffUTC>0</diffUTC>
				<SeismicInstrument code="MRS _ASPSC">
					<name>Near-surface seismometer analog short-period single-component
					</name>
					<comments>Site:Maars</comments>
					<startTime>1977-05-20 12:00:00</startTime>
					<endTime>9999-01-01 00:00:00</endTime>
				</SeismicInstrument>
			</SeismicStation>
			<SeismicStation code="PUB " owner1="USGS" owner2="AVO"
				pubDate="2008-01-01 00:00:00">
				<name>Puale Bay</name>
				<description>Sensor:L4,Archive:UAFGI</description>
				<comments>Ref: Guffanti et al., 2010, Volcano- monitoring
					instrumentation in the United States, 2008: USGS Open-File Report
					2009–1165</comments>
				<lat>57.7733</lat>
				<lon>-155.5167</lon>
				<elev>280.00</elev>
				<startTime>1974-01-01 12:00:00</startTime>
				<endTime>9999-01-01 00:00:00</endTime>
				<diffUTC>0</diffUTC>
				<SeismicInstrument code="PUB _ASPSC">
					<name>Near-surface seismometer analog short-period single-component
					</name>
					<comments>Site:Puale Bay</comments>
					<startTime>1974-01-01 12:00:00</startTime>
					<endTime>9999-01-01 00:00:00</endTime>
				</SeismicInstrument>
			</SeismicStation>
			<SeismicStation code="WFAR" owner1="USGS" owner2="AVO"
				pubDate="2008-01-01 00:00:00">
				<name>Faris Peak</name>
				<description>Sensor:L4,Archive:AVO/AEIC/UAFGI</description>
				<comments>Ref: Guffanti et al., 2010, Volcano- monitoring
					instrumentation in the United States, 2008: USGS Open-File Report
					2009–1165</comments>
				<lat>54.5329</lat>
				<lon>-164.7781</lon>
				<elev>640.00</elev>
				<startTime>1998-08-28 12:00:00</startTime>
				<endTime>2008-08-02 12:00:00</endTime>
				<diffUTC>0</diffUTC>
				<SeismicInstrument code="WFAR_ASPSC">
					<name>Near-surface seismometer analog short-period single-component
					</name>
					<comments>Site:Faris Peak</comments>
					<startTime>1998-08-28 12:00:00</startTime>
					<endTime>2008-08-02 12:00:00</endTime>
				</SeismicInstrument>
			</SeismicStation>
			<SeismicStation code="WPOG" owner1="USGS" owner2="AVO"
				pubDate="2008-01-01 00:00:00">
				<name>Pogromni</name>
				<description>Sensor:L4,Archive:AVO/AEIC/UAFGI</description>
				<comments>Ref: Guffanti et al., 2010, Volcano- monitoring
					instrumentation in the United States, 2008: USGS Open-File Report
					2009–1165</comments>
				<lat>54.5964</lat>
				<lon>-164.7454</lon>
				<elev>445.00</elev>
				<startTime>1998-10-17 12:00:00</startTime>
				<endTime>2008-08-02 12:00:00</endTime>
				<diffUTC>0</diffUTC>
				<SeismicInstrument code="WPOG_ASPSC">
					<name>Near-surface seismometer analog short-period single-component
					</name>
					<comments>Site:Pogromni</comments>
					<startTime>1998-10-17 12:00:00</startTime>
					<endTime>2008-08-02 12:00:00</endTime>
				</SeismicInstrument>
			</SeismicStation>
			<SeismicStation code="GLB" owner1="USGS" owner2="AVO"
				pubDate="2008-01-01 00:00:00">
				<name>Gilahina Butte</name>
				<description>Sensor:L4,Archive:USGS</description>
				<comments>Ref: Guffanti et al., 2010, Volcano- monitoring
					instrumentation in the United States, 2008: USGS Open-File Report
					2009–1165</comments>
				<lat>61.4413</lat>
				<lon>-143.8126</lon>
				<elev>845.00</elev>
				<startTime>1973-08-25 12:00:00</startTime>
				<endTime>9999-01-01 00:00:00</endTime>
				<diffUTC>0</diffUTC>
				<SeismicInstrument code="GLB_ASPSC">
					<name>Near-surface seismometer analog short-period single-component
					</name>
					<comments>Site:Gilahina Butte</comments>
					<startTime>1973-08-25 12:00:00</startTime>
					<endTime>9999-01-01 00:00:00</endTime>
				</SeismicInstrument>
			</SeismicStation>
			<SeismicStation code="AKS" owner1="USGS" owner2="AVO"
				pubDate="2008-01-01 00:00:00">
				<name>Akutan South</name>
				<description>Sensor:L22D,Archive:AVO/AEIC/UAFGI</description>
				<comments>Ref: Guffanti et al., 2010, Volcano- monitoring
					instrumentation in the United States, 2008: USGS Open-File Report
					2009–1165</comments>
				<lat>54.1095</lat>
				<lon>-165.6987</lon>
				<elev>213.00</elev>
				<startTime>1996-07-24 12:00:00</startTime>
				<endTime>9999-01-01 00:00:00</endTime>
				<diffUTC>0</diffUTC>
				<SeismicInstrument code="AKS_ASPMC">
					<name>Near-surface seismometer analog short-period multi-component
					</name>
					<comments>Site:Akutan South</comments>
					<startTime>1996-07-24 12:00:00</startTime>
					<endTime>9999-01-01 00:00:00</endTime>
				</SeismicInstrument>
			</SeismicStation>
			<SeismicStation code="SAP2" owner1="USGS" owner2="AVO"
				pubDate="2008-01-01 00:00:00">
				<name>Saipan</name>
				<description>Sensor:L4-3D,Archive:USGS</description>
				<comments>Ref: Guffanti et al., 2010, Volcano- monitoring
					instrumentation in the United States, 2008: USGS Open-File Report
					2009–1165</comments>
				<lat>15.2147</lat>
				<lon>145.7526</lon>
				<elev>220.00</elev>
				<startTime>2006-08-24 12:00:00</startTime>
				<endTime>9999-01-01 00:00:00</endTime>
				<diffUTC>0</diffUTC>
				<SeismicInstrument code="SAP2_ASPMC">
					<name>Near-surface seismometer analog short-period multi-component
					</name>
					<comments>Site:Saipan</comments>
					<startTime>2006-08-24 12:00:00</startTime>
					<endTime>9999-01-01 00:00:00</endTime>
				</SeismicInstrument>
			</SeismicStation>
			<SeismicStation code="ANON" owner1="USGS" owner2="AVO"
				pubDate="2008-01-01 00:00:00">
				<name>Aniakchak North</name>
				<description>Sensor:L22D,Archive:AVO/AEIC/UAFGI</description>
				<comments>Ref: Guffanti et al., 2010, Volcano- monitoring
					instrumentation in the United States, 2008: USGS Open-File Report
					2009–1165</comments>
				<lat>56.9190</lat>
				<lon>-158.1737</lon>
				<elev>445.00</elev>
				<startTime>2000-07-10 12:00:00</startTime>
				<endTime>9999-01-01 00:00:00</endTime>
				<diffUTC>0</diffUTC>
				<SeismicInstrument code="ANON_ASPMC">
					<name>Near-surface seismometer analog short-period multi-component
					</name>
					<comments>Site:Aniakchak North</comments>
					<startTime>2000-07-10 12:00:00</startTime>
					<endTime>9999-01-01 00:00:00</endTime>
				</SeismicInstrument>
			</SeismicStation>
			<SeismicStation code="KOKV" owner1="USGS" owner2="AVO"
				pubDate="2008-01-01 00:00:00">
				<name>Korovin Vent</name>
				<description>Sensor:L22,Archive:AVO/AEIC/UAFGI</description>
				<comments>Ref: Guffanti et al., 2010, Volcano- monitoring
					instrumentation in the United States, 2008: USGS Open-File Report
					2009–1165</comments>
				<lat>52.3603</lat>
				<lon>-174.1673</lon>
				<elev>776.00</elev>
				<startTime>2004-07-05 12:00:00</startTime>
				<endTime>9999-01-01 00:00:00</endTime>
				<diffUTC>0</diffUTC>
				<SeismicInstrument code="KOKV_ASPMC">
					<name>Near-surface seismometer analog short-period multi-component
					</name>
					<comments>Site:Korovin Vent</comments>
					<startTime>2004-07-05 12:00:00</startTime>
					<endTime>9999-01-01 00:00:00</endTime>
				</SeismicInstrument>
			</SeismicStation>
			<SeismicStation code="AUI" owner1="USGS" owner2="AVO"
				pubDate="2008-01-01 00:00:00">
				<name>Augustine Island</name>
				<description>Sensor:S13,Archive:AVO/AEIC/UAFGI</description>
				<comments>Ref: Guffanti et al., 2010, Volcano- monitoring
					instrumentation in the United States, 2008: USGS Open-File Report
					2009–1165</comments>
				<lat>59.3345</lat>
				<lon>-153.4299</lon>
				<elev>293.00</elev>
				<startTime>1978-04-06 12:00:00</startTime>
				<endTime>9999-01-01 00:00:00</endTime>
				<diffUTC>0</diffUTC>
				<SeismicInstrument code="AUI_ASPMC">
					<name>Near-surface seismometer analog short-period multi-component
					</name>
					<comments>Site:Augustine Island</comments>
					<startTime>1978-04-06 12:00:00</startTime>
					<endTime>9999-01-01 00:00:00</endTime>
				</SeismicInstrument>
			</SeismicStation>
			<SeismicStation code="BAL" owner1="USGS" owner2="AVO"
				pubDate="2008-01-01 00:00:00">
				<name>Ballidu</name>
				<description>Sensor:L4 ,Archive:AEIC/UAFGI</description>
				<comments>Ref: Guffanti et al., 2010, Volcano- monitoring
					instrumentation in the United States, 2008: USGS Open-File Report
					2009–1165</comments>
				<lat>61.0555</lat>
				<lon>-142.3414</lon>
				<elev>1541.00</elev>
				<startTime>1973-08-24 12:00:00</startTime>
				<endTime>9999-01-01 00:00:00</endTime>
				<diffUTC>0</diffUTC>
				<SeismicInstrument code="BAL_ASPMC">
					<name>Near-surface seismometer analog short-period multi-component
					</name>
					<comments>Site:Ballidu</comments>
					<startTime>1973-08-24 12:00:00</startTime>
					<endTime>9999-01-01 00:00:00</endTime>
				</SeismicInstrument>
			</SeismicStation>
			<SeismicStation code="KAPH" owner1="USGS" owner2="AVO"
				pubDate="2008-01-01 00:00:00">
				<name>Katmai Pasha</name>
				<description>Sensor:L22D,Archive:AVO/AEIC/UAFGI</description>
				<comments>Ref: Guffanti et al., 2010, Volcano- monitoring
					instrumentation in the United States, 2008: USGS Open-File Report
					2009–1165</comments>
				<lat>58.5961</lat>
				<lon>-154.3489</lon>
				<elev>907.00</elev>
				<startTime>1998-10-12 12:00:00</startTime>
				<endTime>9999-01-01 00:00:00</endTime>
				<diffUTC>0</diffUTC>
				<SeismicInstrument code="KAPH_ASPMC">
					<name>Near-surface seismometer analog short-period multi-component
					</name>
					<comments>Site:Katmai Pasha</comments>
					<startTime>1998-10-12 12:00:00</startTime>
					<endTime>9999-01-01 00:00:00</endTime>
				</SeismicInstrument>
			</SeismicStation>
			<SeismicStation code="GASW" owner1="USGS" owner2="AVO"
				pubDate="2008-01-01 00:00:00">
				<name>Gareloi Southwest</name>
				<description>Sensor:L22S,Archive:AVO/AEIC/UAFGI</description>
				<comments>Ref: Guffanti et al., 2010, Volcano- monitoring
					instrumentation in the United States, 2008: USGS Open-File Report
					2009–1165</comments>
				<lat>51.7778</lat>
				<lon>-178.8566</lon>
				<elev>248.00</elev>
				<startTime>2003-08-30 12:00:00</startTime>
				<endTime>9999-01-01 00:00:00</endTime>
				<diffUTC>0</diffUTC>
				<SeismicInstrument code="GASW_ASPMC">
					<name>Near-surface seismometer analog short-period multi-component
					</name>
					<comments>Site:Gareloi Southwest</comments>
					<startTime>2003-08-30 12:00:00</startTime>
					<endTime>9999-01-01 00:00:00</endTime>
				</SeismicInstrument>
			</SeismicStation>
			<SeismicStation code="GSTD" owner1="USGS" owner2="AVO"
				pubDate="2008-01-01 00:00:00">
				<name>Great Sitkin Triple Divide</name>
				<description>Sensor:L22D,Archive:AVO/AEIC/UAFGI</description>
				<comments>Ref: Guffanti et al., 2010, Volcano- monitoring
					instrumentation in the United States, 2008: USGS Open-File Report
					2009–1165</comments>
				<lat>52.0548</lat>
				<lon>-176.1468</lon>
				<elev>873.00</elev>
				<startTime>1999-09-03 12:00:00</startTime>
				<endTime>9999-01-01 00:00:00</endTime>
				<diffUTC>0</diffUTC>
				<SeismicInstrument code="GSTD_ASPMC">
					<name>Near-surface seismometer analog short-period multi-component
					</name>
					<comments>Site:Great Sitkin Triple Divide</comments>
					<startTime>1999-09-03 12:00:00</startTime>
					<endTime>9999-01-01 00:00:00</endTime>
				</SeismicInstrument>
			</SeismicStation>
			<SeismicStation code="KCG" owner1="USGS" owner2="AVO"
				pubDate="2008-01-01 00:00:00">
				<name>Katmai Griggs</name>
				<description>Sensor:L22D,Archive:AVO/AEIC/UAFGI</description>
				<comments>Ref: Guffanti et al., 2010, Volcano- monitoring
					instrumentation in the United States, 2008: USGS Open-File Report
					2009–1165</comments>
				<lat>58.3069</lat>
				<lon>-155.1135</lon>
				<elev>762.00</elev>
				<startTime>1988-08-01 12:00:00</startTime>
				<endTime>9999-01-01 00:00:00</endTime>
				<diffUTC>0</diffUTC>
				<SeismicInstrument code="KCG_ASPMC">
					<name>Near-surface seismometer analog short-period multi-component
					</name>
					<comments>Site:Katmai Griggs</comments>
					<startTime>1988-08-01 12:00:00</startTime>
					<endTime>9999-01-01 00:00:00</endTime>
				</SeismicInstrument>
			</SeismicStation>
			<SeismicStation code="IVE" owner1="USGS" owner2="AVO"
				pubDate="2008-01-01 00:00:00">
				<name>Iliamna Volcano East</name>
				<description>Sensor:L22,Archive:AVO/AEIC/UAFGI</description>
				<comments>Ref: Guffanti et al., 2010, Volcano- monitoring
					instrumentation in the United States, 2008: USGS Open-File Report
					2009–1165</comments>
				<lat>60.0163</lat>
				<lon>-153.0185</lon>
				<elev>1173.00</elev>
				<startTime>1996-09-19 12:00:00</startTime>
				<endTime>9999-01-01 00:00:00</endTime>
				<diffUTC>0</diffUTC>
				<SeismicInstrument code="IVE_ASPMC">
					<name>Near-surface seismometer analog short-period multi-component
					</name>
					<comments>Site:Iliamna Volcano East</comments>
					<startTime>1996-09-19 12:00:00</startTime>
					<endTime>9999-01-01 00:00:00</endTime>
				</SeismicInstrument>
				<SeismicInstrument code="IVE_ASPMC1">
					<name>Near-surface seismometer analog short-period multi-component
					</name>
					<comments>Site:Iliamna Volcano East</comments>
					<startTime>1996-09-19 12:00:00</startTime>
					<endTime>9999-01-01 00:00:00</endTime>
				</SeismicInstrument>
			</SeismicStation>
			<SeismicStation code="LSPA" owner1="USGS" owner2="AVO"
				pubDate="2008-01-01 00:00:00">
				<name>Little Sitkin PA</name>
				<description>Sensor:L4-3D,Archive:AVO/AEIC/UAFGI</description>
				<comments>Ref: Guffanti et al., 2010, Volcano- monitoring
					instrumentation in the United States, 2008: USGS Open-File Report
					2009–1165</comments>
				<lat>51.9557</lat>
				<lon>178.5714</lon>
				<elev>335.00</elev>
				<startTime>2005-09-30 12:00:00</startTime>
				<endTime>9999-01-01 00:00:00</endTime>
				<diffUTC>0</diffUTC>
				<SeismicInstrument code="LSPA_ASPMC">
					<name>Near-surface seismometer analog short-period multi-component
					</name>
					<comments>Site:Little Sitkin PA</comments>
					<startTime>2005-09-30 12:00:00</startTime>
					<endTime>9999-01-01 00:00:00</endTime>
				</SeismicInstrument>
			</SeismicStation>
			<SeismicStation code="ACH" owner1="USGS" owner2="AVO"
				pubDate="2008-01-01 00:00:00">
				<name>Northwest of Mageik</name>
				<description>Sensor:L22D,Archive:AVO/AEIC/UAFGI</description>
				<comments>Ref: Guffanti et al., 2010, Volcano- monitoring
					instrumentation in the United States, 2008: USGS Open-File Report
					2009–1165</comments>
				<lat>58.2100</lat>
				<lon>-155.3281</lon>
				<elev>960.00</elev>
				<startTime>1996-07-25 12:00:00</startTime>
				<endTime>9999-01-01 00:00:00</endTime>
				<diffUTC>0</diffUTC>
				<SeismicInstrument code="ACH_ASPMC">
					<name>Near-surface seismometer analog short-period multi-component
					</name>
					<comments>Site:Northwest of Mageik</comments>
					<startTime>1996-07-25 12:00:00</startTime>
					<endTime>9999-01-01 00:00:00</endTime>
				</SeismicInstrument>
			</SeismicStation>
			<SeismicStation code="MSW" owner1="USGS" owner2="AVO"
				pubDate="2008-01-01 00:00:00">
				<name>Makushin Switchbacks</name>
				<description>Sensor:L22D,Archive:AVO/AEIC/UAFGI</description>
				<comments>Ref: Guffanti et al., 2010, Volcano- monitoring
					instrumentation in the United States, 2008: USGS Open-File Report
					2009–1165</comments>
				<lat>53.9145</lat>
				<lon>-166.7884</lon>
				<elev>418.00</elev>
				<startTime>1996-07-25 12:00:00</startTime>
				<endTime>9999-01-01 00:00:00</endTime>
				<diffUTC>0</diffUTC>
				<SeismicInstrument code="MSW_ASPMC">
					<name>Near-surface seismometer analog short-period multi-component
					</name>
					<comments>Site:Makushin Switchbacks</comments>
					<startTime>1996-07-25 12:00:00</startTime>
					<endTime>9999-01-01 00:00:00</endTime>
				</SeismicInstrument>
			</SeismicStation>
			<SeismicStation code="PV6" owner1="USGS" owner2="AVO"
				pubDate="2008-01-01 00:00:00">
				<name>Pavlof 6</name>
				<description>Sensor:L22D,Archive:AVO/AEIC/UAFGI</description>
				<comments>Ref: Guffanti et al., 2010, Volcano- monitoring
					instrumentation in the United States, 2008: USGS Open-File Report
					2009–1165</comments>
				<lat>55.4527</lat>
				<lon>-161.9205</lon>
				<elev>747.00</elev>
				<startTime>1996-07-11 12:00:00</startTime>
				<endTime>9999-01-01 00:00:00</endTime>
				<diffUTC>0</diffUTC>
				<SeismicInstrument code="PV6_ASPMC">
					<name>Near-surface seismometer analog short-period multi-component
					</name>
					<comments>Site:Pavlof 6</comments>
					<startTime>1996-07-11 12:00:00</startTime>
					<endTime>9999-01-01 00:00:00</endTime>
				</SeismicInstrument>
			</SeismicStation>
			<SeismicStation code="REF" owner1="USGS" owner2="AVO"
				pubDate="2008-01-01 00:00:00">
				<name>Redoubt East Flank</name>
				<description>Sensor:L22S,Archive:AVO/AEIC/UAFGI</description>
				<comments>Ref: Guffanti et al., 2010, Volcano- monitoring
					instrumentation in the United States, 2008: USGS Open-File Report
					2009–1165</comments>
				<lat>60.4888</lat>
				<lon>-152.6940</lon>
				<elev>1641.00</elev>
				<startTime>1992-07-27 12:00:00</startTime>
				<endTime>9999-01-01 00:00:00</endTime>
				<diffUTC>0</diffUTC>
				<SeismicInstrument code="REF_ASPMC">
					<name>Near-surface seismometer analog short-period multi-component
					</name>
					<comments>Site:Redoubt East Flank</comments>
					<startTime>1992-07-27 12:00:00</startTime>
					<endTime>9999-01-01 00:00:00</endTime>
				</SeismicInstrument>
			</SeismicStation>
			<SeismicStation code="RED" owner1="USGS" owner2="AVO"
				pubDate="2008-01-01 00:00:00">
				<name>Redoubt Volcano</name>
				<description>Sensor:L4,Archive:AVO/AEIC/UAFGI</description>
				<comments>Ref: Guffanti et al., 2010, Volcano- monitoring
					instrumentation in the United States, 2008: USGS Open-File Report
					2009–1165</comments>
				<lat>60.4193</lat>
				<lon>-152.7740</lon>
				<elev>1064.00</elev>
				<startTime>1990-08-30 12:00:00</startTime>
				<endTime>9999-01-01 00:00:00</endTime>
				<diffUTC>0</diffUTC>
				<SeismicInstrument code="RED_ASPMC">
					<name>Near-surface seismometer analog short-period multi-component
					</name>
					<comments>Site:Redoubt Volcano</comments>
					<startTime>1990-08-30 12:00:00</startTime>
					<endTime>9999-01-01 00:00:00</endTime>
				</SeismicInstrument>
			</SeismicStation>
			<SeismicStation code="SARN" owner1="USGS" owner2="AVO"
				pubDate="2008-01-01 00:00:00">
				<name>Sarigan</name>
				<description>Sensor:L22,Archive:USGS</description>
				<comments>Ref: Guffanti et al., 2010, Volcano- monitoring
					instrumentation in the United States, 2008: USGS Open-File Report
					2009–1165</comments>
				<lat>16.7002</lat>
				<lon>145.7795</lon>
				<elev>493.00</elev>
				<startTime>2003-06-25 12:00:00</startTime>
				<endTime>9999-01-01 00:00:00</endTime>
				<diffUTC>0</diffUTC>
				<SeismicInstrument code="SARN_ASPMC">
					<name>Near-surface seismometer analog short-period multi-component
					</name>
					<comments>Site:Sarigan</comments>
					<startTime>2003-06-25 12:00:00</startTime>
					<endTime>9999-01-01 00:00:00</endTime>
				</SeismicInstrument>
			</SeismicStation>
			<SeismicStation code="CERB" owner1="USGS" owner2="AVO"
				pubDate="2008-01-01 00:00:00">
				<name>Cerberus</name>
				<description>Sensor:L4-3D,Archive:AVO/AEIC/UAFGI</description>
				<comments>Ref: Guffanti et al., 2010, Volcano- monitoring
					instrumentation in the United States, 2008: USGS Open-File Report
					2009–1165</comments>
				<lat>51.9302</lat>
				<lon>179.6277</lon>
				<elev>305.00</elev>
				<startTime>2005-09-18 12:00:00</startTime>
				<endTime>9999-01-01 00:00:00</endTime>
				<diffUTC>0</diffUTC>
				<SeismicInstrument code="CERB_ASPMC">
					<name>Near-surface seismometer analog short-period multi-component
					</name>
					<comments>Site:Cerberus</comments>
					<startTime>2005-09-18 12:00:00</startTime>
					<endTime>9999-01-01 00:00:00</endTime>
				</SeismicInstrument>
			</SeismicStation>
			<SeismicStation code="SSLS" owner1="USGS" owner2="AVO"
				pubDate="2008-01-01 00:00:00">
				<name>Shishaldin South</name>
				<description>Sensor:L22D,Archive:AVO/AEIC/UAFGI</description>
				<comments>Ref: Guffanti et al., 2010, Volcano- monitoring
					instrumentation in the United States, 2008: USGS Open-File Report
					2009–1165</comments>
				<lat>54.7111</lat>
				<lon>-164.0008</lon>
				<elev>817.00</elev>
				<startTime>1997-07-27 12:00:00</startTime>
				<endTime>9999-01-01 00:00:00</endTime>
				<diffUTC>0</diffUTC>
				<SeismicInstrument code="SSLS_ASPMC">
					<name>Near-surface seismometer analog short-period multi-component
					</name>
					<comments>Site:Shishaldin South</comments>
					<startTime>1997-07-27 12:00:00</startTime>
					<endTime>9999-01-01 00:00:00</endTime>
				</SeismicInstrument>
			</SeismicStation>
			<SeismicStation code="CRP" owner1="USGS" owner2="AVO"
				pubDate="2008-01-01 00:00:00">
				<name>Crater Peak  </name>
				<description>Sensor:L4,Archive:AVO/AEIC/UAFGI</description>
				<comments>Ref: Guffanti et al., 2010, Volcano- monitoring
					instrumentation in the United States, 2008: USGS Open-File Report
					2009–1165</comments>
				<lat>61.2664</lat>
				<lon>-152.1578</lon>
				<elev>1622.00</elev>
				<startTime>1981-08-26 12:00:00</startTime>
				<endTime>9999-01-01 00:00:00</endTime>
				<diffUTC>0</diffUTC>
				<SeismicInstrument code="CRP_ASPMC">
					<name>Near-surface seismometer analog short-period multi-component
					</name>
					<comments>Site:Crater Peak  </comments>
					<startTime>1981-08-26 12:00:00</startTime>
					<endTime>9999-01-01 00:00:00</endTime>
				</SeismicInstrument>
			</SeismicStation>
			<SeismicStation code="TAFP" owner1="USGS" owner2="AVO"
				pubDate="2008-01-01 00:00:00">
				<name>Takawangha Peak</name>
				<description>Sensor:L22S,Archive:AVO/AEIC/UAFGI</description>
				<comments>Ref: Guffanti et al., 2010, Volcano- monitoring
					instrumentation in the United States, 2008: USGS Open-File Report
					2009–1165</comments>
				<lat>51.8990</lat>
				<lon>-177.9853</lon>
				<elev>440.00</elev>
				<startTime>2003-09-25 12:00:00</startTime>
				<endTime>9999-01-01 00:00:00</endTime>
				<diffUTC>0</diffUTC>
				<SeismicInstrument code="TAFP_ASPMC">
					<name>Near-surface seismometer analog short-period multi-component
					</name>
					<comments>Site:Takawangha Peak</comments>
					<startTime>2003-09-25 12:00:00</startTime>
					<endTime>9999-01-01 00:00:00</endTime>
				</SeismicInstrument>
			</SeismicStation>
			<SeismicStation code="WESS" owner1="USGS" owner2="AVO"
				pubDate="2008-01-01 00:00:00">
				<name>West Dahl South</name>
				<description>Sensor:L22D,Archive:AVO/AEIC/UAFGI</description>
				<comments>Ref: Guffanti et al., 2010, Volcano- monitoring
					instrumentation in the United States, 2008: USGS Open-File Report
					2009–1165</comments>
				<lat>54.4796</lat>
				<lon>-164.7242</lon>
				<elev>908.00</elev>
				<startTime>1998-08-28 12:00:00</startTime>
				<endTime>2008-08-02 12:00:00</endTime>
				<diffUTC>0</diffUTC>
				<SeismicInstrument code="WESS_ASPMC">
					<name>Near-surface seismometer analog short-period multi-component
					</name>
					<comments>Site:West Dahl South</comments>
					<startTime>1998-08-28 12:00:00</startTime>
					<endTime>2008-08-02 12:00:00</endTime>
				</SeismicInstrument>
			</SeismicStation>
			<SeismicStation code="WESP" owner1="USGS" owner2="AVO"
				pubDate="2008-01-01 00:00:00">
				<name>Westdahl Peak</name>
				<description>Sensor:L22D,Archive:AVO/AEIC/UAFGI</description>
				<comments>Ref: Guffanti et al., 2010, Volcano- monitoring
					instrumentation in the United States, 2008: USGS Open-File Report
					2009–1165</comments>
				<lat>54.4926</lat>
				<lon>-164.7233</lon>
				<elev>937.00</elev>
				<startTime>2008-08-02 12:00:00</startTime>
				<endTime>9999-01-01 00:00:00</endTime>
				<diffUTC>0</diffUTC>
				<SeismicInstrument code="WESP_ASPMC">
					<name>Near-surface seismometer analog short-period multi-component
					</name>
					<comments>Site:Westdahl Peak</comments>
					<startTime>2008-08-02 12:00:00</startTime>
					<endTime>9999-01-01 00:00:00</endTime>
				</SeismicInstrument>
			</SeismicStation>
			<SeismicStation code="WACK" owner1="USGS" owner2="AVO"
				pubDate="2008-01-01 00:00:00">
				<name>Wrangell Chichokna Glacier</name>
				<description>Sensor:L22S,Archive:AVO/AEIC/UAFGI</description>
				<comments>Ref: Guffanti et al., 2010, Volcano- monitoring
					instrumentation in the United States, 2008: USGS Open-File Report
					2009–1165</comments>
				<lat>61.9858</lat>
				<lon>-144.3305</lon>
				<elev>2280.00</elev>
				<startTime>2000-07-31 12:00:00</startTime>
				<endTime>9999-01-01 00:00:00</endTime>
				<diffUTC>0</diffUTC>
				<SeismicInstrument code="WACK_ASPMC">
					<name>Near-surface seismometer analog short-period multi-component
					</name>
					<comments>Site:Wrangell Chichokna Glacier</comments>
					<startTime>2000-07-31 12:00:00</startTime>
					<endTime>9999-01-01 00:00:00</endTime>
				</SeismicInstrument>
			</SeismicStation>
			<SeismicStation code="AMKA" owner1="USGS" owner2="AVO"
				pubDate="2008-01-01 00:00:00">
				<name>Amchitka</name>
				<description>Sensor:Tri-40,Archive:AVO/AEIC/UAFGI</description>
				<comments>Ref: Guffanti et al., 2010, Volcano- monitoring
					instrumentation in the United States, 2008: USGS Open-File Report
					2009–1165</comments>
				<lat>51.3771</lat>
				<lon>179.3000</lon>
				<elev>116.00</elev>
				<startTime>2005-10-14 12:00:00</startTime>
				<endTime>9999-01-01 00:00:00</endTime>
				<diffUTC>0</diffUTC>
				<SeismicInstrument code="AMKA_DSPSC">
					<name>Near-surface seismometer digital short-period
						single-component </name>
					<comments>Site:Amchitka</comments>
					<startTime>2005-10-14 12:00:00</startTime>
					<endTime>9999-01-01 00:00:00</endTime>
				</SeismicInstrument>
			</SeismicStation>
			<SeismicStation code="AKBB" owner1="USGS" owner2="AVO"
				pubDate="2008-01-01 00:00:00">
				<name>Akutan</name>
				<description>Sensor:CMG-6TD,Archive:AVO/AEIC/UAFGI</description>
				<comments>Ref: Guffanti et al., 2010, Volcano- monitoring
					instrumentation in the United States, 2008: USGS Open-File Report
					2009–1165</comments>
				<lat>54.0975</lat>
				<lon>-165.9338</lon>
				<elev>310.00</elev>
				<startTime>2005-07-05 12:00:00</startTime>
				<endTime>9999-01-01 00:00:00</endTime>
				<diffUTC>0</diffUTC>
				<SeismicInstrument code="AKBB_DB3C">
					<name>Near-surface seismometer digital broadband 3-component</name>
					<comments>Site:Akutan</comments>
					<startTime>2005-07-05 12:00:00</startTime>
					<endTime>9999-01-01 00:00:00</endTime>
				</SeismicInstrument>
			</SeismicStation>
			<SeismicStation code="AKT" owner1="USGS" owner2="AVO"
				pubDate="2008-01-01 00:00:00">
				<name>Akutan</name>
				<description>Sensor:CMG-40T,Archive:AVO/AEIC/UAFGI</description>
				<comments>Ref: Guffanti et al., 2010, Volcano- monitoring
					instrumentation in the United States, 2008: USGS Open-File Report
					2009–1165</comments>
				<lat>54.1349</lat>
				<lon>-165.7720</lon>
				<elev>12.00</elev>
				<startTime>1996-03-18 12:00:00</startTime>
				<endTime>9999-01-01 00:00:00</endTime>
				<diffUTC>0</diffUTC>
				<SeismicInstrument code="AKT_DB3C">
					<name>Near-surface seismometer digital broadband 3-component</name>
					<comments>Site:Akutan</comments>
					<startTime>1996-03-18 12:00:00</startTime>
					<endTime>9999-01-01 00:00:00</endTime>
				</SeismicInstrument>
			</SeismicStation>
			<SeismicStation code="AKGG" owner1="USGS" owner2="AVO"
				pubDate="2008-01-01 00:00:00">
				<name>Akutan Green Grass</name>
				<description>Sensor:CMG-6TD,Archive:AVO/AEIC/UAFGI</description>
				<comments>Ref: Guffanti et al., 2010, Volcano- monitoring
					instrumentation in the United States, 2008: USGS Open-File Report
					2009–1165</comments>
				<lat>54.1979</lat>
				<lon>-165.9936</lon>
				<elev>326.00</elev>
				<startTime>2003-06-27 12:00:00</startTime>
				<endTime>9999-01-01 00:00:00</endTime>
				<diffUTC>0</diffUTC>
				<SeismicInstrument code="AKGG_DB3C">
					<name>Near-surface seismometer digital broadband 3-component</name>
					<comments>Site:Akutan Green Grass</comments>
					<startTime>2003-06-27 12:00:00</startTime>
					<endTime>9999-01-01 00:00:00</endTime>
				</SeismicInstrument>
			</SeismicStation>
			<SeismicStation code="AKLV" owner1="USGS" owner2="AVO"
				pubDate="2008-01-01 00:00:00">
				<name>Akutan Long Valley</name>
				<description>Sensor:CMG-6TD,Archive:AVO/AEIC/UAFGI</description>
				<comments>Ref: Guffanti et al., 2010, Volcano- monitoring
					instrumentation in the United States, 2008: USGS Open-File Report
					2009–1165</comments>
				<lat>54.1618</lat>
				<lon>-165.9576</lon>
				<elev>551.00</elev>
				<startTime>2003-07-02 12:00:00</startTime>
				<endTime>9999-01-01 00:00:00</endTime>
				<diffUTC>0</diffUTC>
				<SeismicInstrument code="AKLV_DB3C">
					<name>Near-surface seismometer digital broadband 3-component</name>
					<comments>Site:Akutan Long Valley</comments>
					<startTime>2003-07-02 12:00:00</startTime>
					<endTime>9999-01-01 00:00:00</endTime>
				</SeismicInstrument>
			</SeismicStation>
			<SeismicStation code="AKMO" owner1="USGS" owner2="AVO"
				pubDate="2008-01-01 00:00:00">
				<name>Akutan Morgan</name>
				<description>Sensor:CMG-6TD,Archive:AVO/AEIC/UAFGI</description>
				<comments>Ref: Guffanti et al., 2010, Volcano- monitoring
					instrumentation in the United States, 2008: USGS Open-File Report
					2009–1165</comments>
				<lat>54.0903</lat>
				<lon>-166.0126</lon>
				<elev>277.00</elev>
				<startTime>2003-06-25 12:00:00</startTime>
				<endTime>9999-01-01 00:00:00</endTime>
				<diffUTC>0</diffUTC>
				<SeismicInstrument code="AKMO_DB3C">
					<name>Near-surface seismometer digital broadband 3-component</name>
					<comments>Site:Akutan Morgan</comments>
					<startTime>2003-06-25 12:00:00</startTime>
					<endTime>9999-01-01 00:00:00</endTime>
				</SeismicInstrument>
			</SeismicStation>
			<SeismicStation code="AKRB" owner1="USGS" owner2="AVO"
				pubDate="2008-01-01 00:00:00">
				<name>Akutan Reef Bight</name>
				<description>Sensor:CMG-6TD,Archive:AVO/AEIC/UAFGI</description>
				<comments>Ref: Guffanti et al., 2010, Volcano- monitoring
					instrumentation in the United States, 2008: USGS Open-File Report
					2009–1165</comments>
				<lat>54.1292</lat>
				<lon>-166.0708</lon>
				<elev>334.00</elev>
				<startTime>2003-06-29 12:00:00</startTime>
				<endTime>9999-01-01 00:00:00</endTime>
				<diffUTC>0</diffUTC>
				<SeismicInstrument code="AKRB_DB3C">
					<name>Near-surface seismometer digital broadband 3-component</name>
					<comments>Site:Akutan Reef Bight</comments>
					<startTime>2003-06-29 12:00:00</startTime>
					<endTime>9999-01-01 00:00:00</endTime>
				</SeismicInstrument>
			</SeismicStation>
			<SeismicStation code="AUL(BB)" owner1="USGS" owner2="AVO"
				pubDate="2008-01-01 00:00:00">
				<name>Augustine Lava Flow broadband</name>
				<description>Sensor:CMG-6TD,Archive:AVO/AEIC/UAFGI</description>
				<comments>Ref: Guffanti et al., 2010, Volcano- monitoring
					instrumentation in the United States, 2008: USGS Open-File Report
					2009–1165</comments>
				<lat>59.3816</lat>
				<lon>-153.4379</lon>
				<elev>360.00</elev>
				<startTime>1997-08-27 12:00:00</startTime>
				<endTime>9999-01-01 00:00:00</endTime>
				<diffUTC>0</diffUTC>
				<SeismicInstrument code="AUL(BB)_DB3C">
					<name>Near-surface seismometer digital broadband 3-component</name>
					<comments>Site:Augustine Lava Flow broadband</comments>
					<startTime>1997-08-27 12:00:00</startTime>
					<endTime>9999-01-01 00:00:00</endTime>
				</SeismicInstrument>
			</SeismicStation>
			<SeismicStation code="KAKN" owner1="USGS" owner2="AVO"
				pubDate="2008-01-01 00:00:00">
				<name>West northwest of Katmai</name>
				<description>Sensor:CMG-6TD,Archive:AVO/AEIC/UAFGI</description>
				<comments>Ref: Guffanti et al., 2010, Volcano- monitoring
					instrumentation in the United States, 2008: USGS Open-File Report
					2009–1165</comments>
				<lat>58.2963</lat>
				<lon>-155.0632</lon>
				<elev>1049.00</elev>
				<startTime>2004-08-01 12:00:00</startTime>
				<endTime>9999-01-01 00:00:00</endTime>
				<diffUTC>0</diffUTC>
				<SeismicInstrument code="KAKN_DB3C">
					<name>Near-surface seismometer digital broadband 3-component</name>
					<comments>Site:West northwest of Katmai</comments>
					<startTime>2004-08-01 12:00:00</startTime>
					<endTime>9999-01-01 00:00:00</endTime>
				</SeismicInstrument>
			</SeismicStation>
			<SeismicStation code="KABU" owner1="USGS" owner2="AVO"
				pubDate="2008-01-01 00:00:00">
				<name>Katmai basin</name>
				<description>Sensor:CMG-6TD,Archive:AVO/AEIC/UAFGI</description>
				<comments>Ref: Guffanti et al., 2010, Volcano- monitoring
					instrumentation in the United States, 2008: USGS Open-File Report
					2009–1165</comments>
				<lat>58.2702</lat>
				<lon>-155.2843</lon>
				<elev>1065.00</elev>
				<startTime>2004-08-01 12:00:00</startTime>
				<endTime>9999-01-01 00:00:00</endTime>
				<diffUTC>0</diffUTC>
				<SeismicInstrument code="KABU_DB3C">
					<name>Near-surface seismometer digital broadband 3-component</name>
					<comments>Site:Katmai basin</comments>
					<startTime>2004-08-01 12:00:00</startTime>
					<endTime>9999-01-01 00:00:00</endTime>
				</SeismicInstrument>
			</SeismicStation>
			<SeismicStation code="OKCD" owner1="USGS" owner2="AVO"
				pubDate="2008-01-01 00:00:00">
				<name>Okmok Cone D</name>
				<description>Sensor:CMG-6TD,Archive:AVO/AEIC/UAFGI</description>
				<comments>Ref: Guffanti et al., 2010, Volcano- monitoring
					instrumentation in the United States, 2008: USGS Open-File Report
					2009–1165</comments>
				<lat>53.4293</lat>
				<lon>-168.1143</lon>
				<elev>459.00</elev>
				<startTime>2003-01-09 12:00:00</startTime>
				<endTime>9999-01-01 00:00:00</endTime>
				<diffUTC>0</diffUTC>
				<SeismicInstrument code="OKCD_DB3C">
					<name>Near-surface seismometer digital broadband 3-component</name>
					<comments>Site:Okmok Cone D</comments>
					<startTime>2003-01-09 12:00:00</startTime>
					<endTime>9999-01-01 00:00:00</endTime>
				</SeismicInstrument>
			</SeismicStation>
			<SeismicStation code="OKCE" owner1="USGS" owner2="AVO"
				pubDate="2008-01-01 00:00:00">
				<name>Okmok Cone E</name>
				<description>Sensor:CMG-6TD,Archive:AVO/AEIC/UAFGI</description>
				<comments>Ref: Guffanti et al., 2010, Volcano- monitoring
					instrumentation in the United States, 2008: USGS Open-File Report
					2009–1165</comments>
				<lat>53.4260</lat>
				<lon>-168.1663</lon>
				<elev>515.00</elev>
				<startTime>2003-01-09 12:00:00</startTime>
				<endTime>9999-01-01 00:00:00</endTime>
				<diffUTC>0</diffUTC>
				<SeismicInstrument code="OKCE_DB3C">
					<name>Near-surface seismometer digital broadband 3-component</name>
					<comments>Site:Okmok Cone E</comments>
					<startTime>2003-01-09 12:00:00</startTime>
					<endTime>9999-01-01 00:00:00</endTime>
				</SeismicInstrument>
			</SeismicStation>
			<SeismicStation code="OKFG" owner1="USGS" owner2="AVO"
				pubDate="2008-01-01 00:00:00">
				<name>Okmok Fort Glen</name>
				<description>Sensor:CMG-6TD,Archive:AVO/AEIC/UAFGI</description>
				<comments>Ref: Guffanti et al., 2010, Volcano- monitoring
					instrumentation in the United States, 2008: USGS Open-File Report
					2009–1165</comments>
				<lat>53.4107</lat>
				<lon>-167.9115</lon>
				<elev>201.00</elev>
				<startTime>2003-01-09 12:00:00</startTime>
				<endTime>9999-01-01 00:00:00</endTime>
				<diffUTC>0</diffUTC>
				<SeismicInstrument code="OKFG_DB3C">
					<name>Near-surface seismometer digital broadband 3-component</name>
					<comments>Site:Okmok Fort Glen</comments>
					<startTime>2003-01-09 12:00:00</startTime>
					<endTime>9999-01-01 00:00:00</endTime>
				</SeismicInstrument>
			</SeismicStation>
			<SeismicStation code="OKSO" owner1="USGS" owner2="AVO"
				pubDate="2008-01-01 00:00:00">
				<name>Okmok South</name>
				<description>Sensor:CMG-6TD,Archive:AVO/AEIC/UAFGI</description>
				<comments>Ref: Guffanti et al., 2010, Volcano- monitoring
					instrumentation in the United States, 2008: USGS Open-File Report
					2009–1165</comments>
				<lat>53.3565</lat>
				<lon>-168.1619</lon>
				<elev>460.00</elev>
				<startTime>2004-09-01 12:00:00</startTime>
				<endTime>9999-01-01 00:00:00</endTime>
				<diffUTC>0</diffUTC>
				<SeismicInstrument code="OKSO_DB3C">
					<name>Near-surface seismometer digital broadband 3-component</name>
					<comments>Site:Okmok South</comments>
					<startTime>2004-09-01 12:00:00</startTime>
					<endTime>9999-01-01 00:00:00</endTime>
				</SeismicInstrument>
			</SeismicStation>
			<SeismicStation code="PV01" owner1="USGS" owner2="AVO"
				pubDate="2008-01-01 00:00:00">
				<name>Pavlof 1</name>
				<description>Sensor:CMG-6TD,Archive:AVO</description>
				<comments>Ref: Guffanti et al., 2010, Volcano- monitoring
					instrumentation in the United States, 2008: USGS Open-File Report
					2009–1165</comments>
				<lat>55.4390</lat>
				<lon>-161.9414</lon>
				<elev>852.00</elev>
				<startTime>2008-09-25 12:00:00</startTime>
				<endTime>9999-01-01 00:00:00</endTime>
				<diffUTC>0</diffUTC>
				<SeismicInstrument code="PV01_DB3C">
					<name>Near-surface seismometer digital broadband 3-component</name>
					<comments>Site:Pavlof 1</comments>
					<startTime>2008-09-25 12:00:00</startTime>
					<endTime>9999-01-01 00:00:00</endTime>
				</SeismicInstrument>
			</SeismicStation>
			<SeismicStation code="PV02" owner1="USGS" owner2="AVO"
				pubDate="2008-01-01 00:00:00">
				<name>Pavlof 2</name>
				<description>Sensor:CMG-6TD,Archive:AVO</description>
				<comments>Ref: Guffanti et al., 2010, Volcano- monitoring
					instrumentation in the United States, 2008: USGS Open-File Report
					2009–1165</comments>
				<lat>55.4061</lat>
				<lon>-161.8050</lon>
				<elev>458.00</elev>
				<startTime>2008-09-25 12:00:00</startTime>
				<endTime>9999-01-01 00:00:00</endTime>
				<diffUTC>0</diffUTC>
				<SeismicInstrument code="PV02_DB3C">
					<name>Near-surface seismometer digital broadband 3-component</name>
					<comments>Site:Pavlof 2</comments>
					<startTime>2008-09-25 12:00:00</startTime>
					<endTime>9999-01-01 00:00:00</endTime>
				</SeismicInstrument>
			</SeismicStation>
			<SeismicStation code="PV03" owner1="USGS" owner2="AVO"
				pubDate="2008-01-01 00:00:00">
				<name>Pavlof 3</name>
				<description>Sensor:CMG-6TD,Archive:AVO</description>
				<comments>Ref: Guffanti et al., 2010, Volcano- monitoring
					instrumentation in the United States, 2008: USGS Open-File Report
					2009–1165</comments>
				<lat>55.3703</lat>
				<lon>-161.8684</lon>
				<elev>601.00</elev>
				<startTime>2008-09-25 12:00:00</startTime>
				<endTime>9999-01-01 00:00:00</endTime>
				<diffUTC>0</diffUTC>
				<SeismicInstrument code="PV03_DB3C">
					<name>Near-surface seismometer digital broadband 3-component</name>
					<comments>Site:Pavlof 3</comments>
					<startTime>2008-09-25 12:00:00</startTime>
					<endTime>9999-01-01 00:00:00</endTime>
				</SeismicInstrument>
			</SeismicStation>
			<SeismicStation code="SSBA" owner1="USGS" owner2="AVO"
				pubDate="2008-01-01 00:00:00">
				<name>Shishaldin Broadband A</name>
				<description>Sensor:CMG-6TD,Archive:AEIC</description>
				<comments>Ref: Guffanti et al., 2010, Volcano- monitoring
					instrumentation in the United States, 2008: USGS Open-File Report
					2009–1165</comments>
				<lat>54.7718</lat>
				<lon>-164.1265</lon>
				<elev>766.00</elev>
				<startTime>2008-08-15 12:00:00</startTime>
				<endTime>9999-01-01 00:00:00</endTime>
				<diffUTC>0</diffUTC>
				<SeismicInstrument code="SSBA_DB3C">
					<name>Near-surface seismometer digital broadband 3-component</name>
					<comments>Site:Shishaldin Broadband A</comments>
					<startTime>2008-08-15 12:00:00</startTime>
					<endTime>9999-01-01 00:00:00</endTime>
				</SeismicInstrument>
			</SeismicStation>
			<SeismicStation code="SPBG" owner1="USGS" owner2="AVO"
				pubDate="2008-01-01 00:00:00">
				<name>Barrier Glacier</name>
				<description>Sensor:CMG-6TD,Archive:AVO/AEIC/UAFGI</description>
				<comments>Ref: Guffanti et al., 2010, Volcano- monitoring
					instrumentation in the United States, 2008: USGS Open-File Report
					2009–1165</comments>
				<lat>61.2591</lat>
				<lon>-152.3722</lon>
				<elev>1087.00</elev>
				<startTime>2004-09-09 12:00:00</startTime>
				<endTime>9999-01-01 00:00:00</endTime>
				<diffUTC>0</diffUTC>
				<SeismicInstrument code="SPBG_DB3C">
					<name>Near-surface seismometer digital broadband 3-component</name>
					<comments>Site:Barrier Glacier</comments>
					<startTime>2004-09-09 12:00:00</startTime>
					<endTime>9999-01-01 00:00:00</endTime>
				</SeismicInstrument>
			</SeismicStation>
			<SeismicStation code="SPCG" owner1="USGS" owner2="AVO"
				pubDate="2008-01-01 00:00:00">
				<name>Capps Glacier</name>
				<description>Sensor:CMG-6TD,Archive:AVO/AEIC/UAFGI</description>
				<comments>Ref: Guffanti et al., 2010, Volcano- monitoring
					instrumentation in the United States, 2008: USGS Open-File Report
					2009–1165</comments>
				<lat>61.2913</lat>
				<lon>-152.0228</lon>
				<elev>1329.00</elev>
				<startTime>2004-09-08 12:00:00</startTime>
				<endTime>9999-01-01 00:00:00</endTime>
				<diffUTC>0</diffUTC>
				<SeismicInstrument code="SPCG_DB3C">
					<name>Near-surface seismometer digital broadband 3-component</name>
					<comments>Site:Capps Glacier</comments>
					<startTime>2004-09-08 12:00:00</startTime>
					<endTime>9999-01-01 00:00:00</endTime>
				</SeismicInstrument>
			</SeismicStation>
			<SeismicStation code="SPCR" owner1="USGS" owner2="AVO"
				pubDate="2008-01-01 00:00:00">
				<name>Chakachatna River</name>
				<description>Sensor:CMG-6TD,Archive:AVO/AEIC/UAFGI</description>
				<comments>Ref: Guffanti et al., 2010, Volcano- monitoring
					instrumentation in the United States, 2008: USGS Open-File Report
					2009–1165</comments>
				<lat>61.2003</lat>
				<lon>-152.2091</lon>
				<elev>984.00</elev>
				<startTime>2004-09-08 12:00:00</startTime>
				<endTime>9999-01-01 00:00:00</endTime>
				<diffUTC>0</diffUTC>
				<SeismicInstrument code="SPCR_DB3C">
					<name>Near-surface seismometer digital broadband 3-component</name>
					<comments>Site:Chakachatna River</comments>
					<startTime>2004-09-08 12:00:00</startTime>
					<endTime>9999-01-01 00:00:00</endTime>
				</SeismicInstrument>
			</SeismicStation>
			<SeismicStation code="AU20" owner1="USGS" owner2="AVO"
				pubDate="2008-01-01 00:00:00">
				<name>Augustine Island</name>
				<description>Sensor:SM Ref Tek 130-ANSS/02 ,Archive:AVO/AEIC/UAFGI
				</description>
				<comments>Ref: Guffanti et al., 2010, Volcano- monitoring
					instrumentation in the United States, 2008: USGS Open-File Report
					2009–1165</comments>
				<lat>59.3696</lat>
				<lon>-153.3563</lon>
				<elev>105.00</elev>
				<startTime>2006-01-09 12:00:00</startTime>
				<endTime>2006-09-01 12:00:00</endTime>
				<diffUTC>0</diffUTC>
				<SeismicInstrument code="AU20_DSM3CA">
					<name>Near-surface seismometer digital strong-motion 3-component
						accelerometer </name>
					<comments>Site:Augustine Island</comments>
					<startTime>2006-01-09 12:00:00</startTime>
					<endTime>2006-09-01 12:00:00</endTime>
				</SeismicInstrument>
			</SeismicStation>
			<SeismicStation code="AU22" owner1="USGS" owner2="AVO"
				pubDate="2008-01-01 00:00:00">
				<name>Augustine Island</name>
				<description>Sensor:SM Ref Tek 130-ANSS/02 ,Archive:AVO/AEIC/UAFGI
				</description>
				<comments>Ref: Guffanti et al., 2010, Volcano- monitoring
					instrumentation in the United States, 2008: USGS Open-File Report
					2009–1165</comments>
				<lat>59.3702</lat>
				<lon>-153.3573</lon>
				<elev>105.00</elev>
				<startTime>2006-09-01 12:00:00</startTime>
				<endTime>9999-01-01 00:00:00</endTime>
				<diffUTC>0</diffUTC>
				<SeismicInstrument code="AU22_DSM3CA">
					<name>Near-surface seismometer digital strong-motion 3-component
						accelerometer </name>
					<comments>Site:Augustine Island</comments>
					<startTime>2006-09-01 12:00:00</startTime>
					<endTime>9999-01-01 00:00:00</endTime>
				</SeismicInstrument>
			</SeismicStation>
		</SeismicNetwork>
	</MonitoringSystems>
</wovoml>