<?xml version="1.0" encoding="UTF-8" standalone="no"?>
<wovoml xmlns="http://www.wovodat.org" xmlns:xsi="http://www.w3.org/2001/XMLSchema-instance"
	pubDate="2008-01-01 00:00:00" version="1.1.0"
	xsi:schemaLocation="http://www.wovodat.org/WOVOdatV1.xsd">
	<MonitoringSystems owner1="USGS" pubDate="2008-01-01 00:00:00">
		<SeismicNetwork code="USGS-VMI-Seisnet-HVO" owner1="USGS"
			owner2="HVO" pubDate="2008-01-01 00:00:00">
			<Volcanoes>
				<volcanoCode>1302-06-</volcanoCode>
				<volcanoCode>1302-04-</volcanoCode>
				<volcanoCode>1302-01-</volcanoCode>
				<volcanoCode>1302-03-</volcanoCode>
				<volcanoCode>1302-02=</volcanoCode>
			</Volcanoes>
			<name>USGS VMI Seismic Network HVO</name>
			<description>Ref: Guffanti et al., 2010, Volcano- monitoring
				instrumentation in the United States, 2008: USGS Open-File Report
				2009–1165</description>
			<numberOfSeismo>93</numberOfSeismo>
			<numberOfBBSeismo>11</numberOfBBSeismo>
			<numberOfSMPSeismo>56</numberOfSMPSeismo>
			<numberOfDigiSeismo>39</numberOfDigiSeismo>
			<numberOfAnaSeismo>49</numberOfAnaSeismo>
			<numberOf3CompSeismo>43</numberOf3CompSeismo>
			<numberOfMicro>0</numberOfMicro>
			<startTime>1973-10-12 12:00:00</startTime>
			<endTime>9999-01-01 00:00:00</endTime>
			<diffUTC>0</diffUTC>
			<SeismicStation code="LLA" owner1="USGS" owner2="HVO"
				pubDate="2008-01-01 00:00:00">
				<name>Lualailua</name>
				<description>Sensor:L4C,Archive:HVO</description>
				<comments>Ref: Guffanti et al., 2010, Volcano- monitoring
					instrumentation in the United States, 2008: USGS Open-File Report
					2009–1165</comments>
				<lat>20.62</lat>
				<lon>-156.30</lon>
				<elev>683.00</elev>
				<startTime>1999-09-20 12:00:00</startTime>
				<endTime>9999-01-01 00:00:00</endTime>
				<diffUTC>0</diffUTC>
				<SeismicInstrument code="LLA_ASPSC">
					<name>Near-surface seismometer analog short-period single-component
					</name>
					<comments>Site:Lualailua</comments>
					<startTime>1999-09-20 12:00:00</startTime>
					<endTime>9999-01-01 00:00:00</endTime>
				</SeismicInstrument>
			</SeismicStation>
			<SeismicStation code="MHA" owner1="USGS" owner2="HVO"
				pubDate="2008-01-01 00:00:00">
				<name>Mahukona</name>
				<description>Sensor:L4C,Archive:HVO</description>
				<comments>Ref: Guffanti et al., 2010, Volcano- monitoring
					instrumentation in the United States, 2008: USGS Open-File Report
					2009–1165</comments>
				<lat>20.18</lat>
				<lon>-155.90</lon>
				<elev>1.00</elev>
				<startTime>1996-01-01 12:00:00</startTime>
				<endTime>9999-01-01 00:00:00</endTime>
				<diffUTC>0</diffUTC>
				<SeismicInstrument code="MHA_ASPSC">
					<name>Near-surface seismometer analog short-period single-component
					</name>
					<comments>Site:Mahukona</comments>
					<startTime>1996-01-01 12:00:00</startTime>
					<endTime>9999-01-01 00:00:00</endTime>
				</SeismicInstrument>
			</SeismicStation>
			<SeismicStation code="POK" owner1="USGS" owner2="HVO"
				pubDate="2008-01-01 00:00:00">
				<name>Puuokali</name>
				<description>Sensor:L4C,Archive:HVO</description>
				<comments>Ref: Guffanti et al., 2010, Volcano- monitoring
					instrumentation in the United States, 2008: USGS Open-File Report
					2009–1165</comments>
				<lat>20.73</lat>
				<lon>-156.38</lon>
				<elev>511.00</elev>
				<startTime>1999-09-20 12:00:00</startTime>
				<endTime>9999-01-01 00:00:00</endTime>
				<diffUTC>0</diffUTC>
				<SeismicInstrument code="POK_ASPSC">
					<name>Near-surface seismometer analog short-period single-component
					</name>
					<comments>Site:Puuokali</comments>
					<startTime>1999-09-20 12:00:00</startTime>
					<endTime>9999-01-01 00:00:00</endTime>
				</SeismicInstrument>
			</SeismicStation>
			<SeismicStation code="HUA" owner1="USGS" owner2="HVO"
				pubDate="2008-01-01 00:00:00">
				<name>Hualalai</name>
				<description>Sensor:L4C,Archive:HVO</description>
				<comments>Ref: Guffanti et al., 2010, Volcano- monitoring
					instrumentation in the United States, 2008: USGS Open-File Report
					2009–1165</comments>
				<lat>19.68</lat>
				<lon>-155.83</lon>
				<elev>2189.00</elev>
				<startTime>1979-05-17 12:00:00</startTime>
				<endTime>9999-01-01 00:00:00</endTime>
				<diffUTC>0</diffUTC>
				<SeismicInstrument code="HUA_ASPSC">
					<name>Near-surface seismometer analog short-period single-component
					</name>
					<comments>Site:Hualalai</comments>
					<startTime>1979-05-17 12:00:00</startTime>
					<endTime>9999-01-01 00:00:00</endTime>
				</SeismicInstrument>
			</SeismicStation>
			<SeismicStation code="KAN" owner1="USGS" owner2="HVO"
				pubDate="2008-01-01 00:00:00">
				<name>Kanahau</name>
				<description>Sensor:L4C,Archive:HVO</description>
				<comments>Ref: Guffanti et al., 2010, Volcano- monitoring
					instrumentation in the United States, 2008: USGS Open-File Report
					2009–1165</comments>
				<lat>20.69</lat>
				<lon>-156.28</lon>
				<elev>2745.00</elev>
				<startTime>1999-09-20 12:00:00</startTime>
				<endTime>9999-01-01 00:00:00</endTime>
				<diffUTC>0</diffUTC>
				<SeismicInstrument code="KAN_ASPSC">
					<name>Near-surface seismometer analog short-period single-component
					</name>
					<comments>Site:Kanahau</comments>
					<startTime>1999-09-20 12:00:00</startTime>
					<endTime>9999-01-01 00:00:00</endTime>
				</SeismicInstrument>
			</SeismicStation>
			<SeismicStation code="CAC" owner1="USGS" owner2="HVO"
				pubDate="2008-01-01 00:00:00">
				<name>Captain Cook</name>
				<description>Sensor:L4C,Archive:HVO</description>
				<comments>Ref: Guffanti et al., 2010, Volcano- monitoring
					instrumentation in the United States, 2008: USGS Open-File Report
					2009–1165</comments>
				<lat>19.48</lat>
				<lon>-155.91</lon>
				<elev>323.00</elev>
				<startTime>1979-05-17 12:00:00</startTime>
				<endTime>9999-01-01 00:00:00</endTime>
				<diffUTC>0</diffUTC>
				<SeismicInstrument code="CAC_ASPSC">
					<name>Near-surface seismometer analog short-period single-component
					</name>
					<comments>Site:Captain Cook</comments>
					<startTime>1979-05-17 12:00:00</startTime>
					<endTime>9999-01-01 00:00:00</endTime>
				</SeismicInstrument>
			</SeismicStation>
			<SeismicStation code="DES" owner1="USGS" owner2="HVO"
				pubDate="2008-01-01 00:00:00">
				<name>Desert</name>
				<description>Sensor:L4C,Archive:HVO</description>
				<comments>Ref: Guffanti et al., 2010, Volcano- monitoring
					instrumentation in the United States, 2008: USGS Open-File Report
					2009–1165</comments>
				<lat>19.33</lat>
				<lon>-155.38</lon>
				<elev>815.00</elev>
				<startTime>2005-04-05 12:00:00</startTime>
				<endTime>9999-01-01 00:00:00</endTime>
				<diffUTC>0</diffUTC>
				<SeismicInstrument code="DES_ASPSC">
					<name>Near-surface seismometer analog short-period single-component
					</name>
					<comments>Site:Desert</comments>
					<startTime>2005-04-05 12:00:00</startTime>
					<endTime>9999-01-01 00:00:00</endTime>
				</SeismicInstrument>
			</SeismicStation>
			<SeismicStation code="ESR" owner1="USGS" owner2="HVO"
				pubDate="2008-01-01 00:00:00">
				<name>Escape Road</name>
				<description>Sensor:L4C,Archive:HVO</description>
				<comments>Ref: Guffanti et al., 2010, Volcano- monitoring
					instrumentation in the United States, 2008: USGS Open-File Report
					2009–1165</comments>
				<lat>19.41</lat>
				<lon>-155.23</lon>
				<elev>1177.00</elev>
				<startTime>1979-05-17 12:00:00</startTime>
				<endTime>9999-01-01 00:00:00</endTime>
				<diffUTC>0</diffUTC>
				<SeismicInstrument code="ESR_ASPSC">
					<name>Near-surface seismometer analog short-period single-component
					</name>
					<comments>Site:Escape Road</comments>
					<startTime>1979-05-17 12:00:00</startTime>
					<endTime>9999-01-01 00:00:00</endTime>
				</SeismicInstrument>
			</SeismicStation>
			<SeismicStation code="FEF" owner1="USGS" owner2="HVO"
				pubDate="2008-01-01 00:00:00">
				<name>Fern Forest</name>
				<description>Sensor:L4C,Archive:HVO</description>
				<comments>Ref: Guffanti et al., 2010, Volcano- monitoring
					instrumentation in the United States, 2008: USGS Open-File Report
					2009–1165</comments>
				<lat>19.47</lat>
				<lon>-155.14</lon>
				<elev>691.00</elev>
				<startTime>1990-01-01 00:00:00</startTime>
				<endTime>9999-01-01 00:00:00</endTime>
				<diffUTC>0</diffUTC>
				<SeismicInstrument code="FEF_ASPSC">
					<name>Near-surface seismometer analog short-period single-component
					</name>
					<comments>Site:Fern Forest</comments>
					<startTime>1990-01-01 00:00:00</startTime>
					<endTime>9999-01-01 00:00:00</endTime>
				</SeismicInstrument>
			</SeismicStation>
			<SeismicStation code="HLP" owner1="USGS" owner2="HVO"
				pubDate="2008-01-01 00:00:00">
				<name>Hilina Pali</name>
				<description>Sensor:L4C,Archive:HVO</description>
				<comments>Ref: Guffanti et al., 2010, Volcano- monitoring
					instrumentation in the United States, 2008: USGS Open-File Report
					2009–1165</comments>
				<lat>19.29</lat>
				<lon>-155.30</lon>
				<elev>707.00</elev>
				<startTime>1979-05-17 12:00:00</startTime>
				<endTime>9999-01-01 00:00:00</endTime>
				<diffUTC>0</diffUTC>
				<SeismicInstrument code="HLP_ASPSC">
					<name>Near-surface seismometer analog short-period single-component
					</name>
					<comments>Site:Hilina Pali</comments>
					<startTime>1979-05-17 12:00:00</startTime>
					<endTime>9999-01-01 00:00:00</endTime>
				</SeismicInstrument>
			</SeismicStation>
			<SeismicStation code="KAA" owner1="USGS" owner2="HVO"
				pubDate="2008-01-01 00:00:00">
				<name>Kaapuna</name>
				<description>Sensor:L4C,Archive:HVO</description>
				<comments>Ref: Guffanti et al., 2010, Volcano- monitoring
					instrumentation in the United States, 2008: USGS Open-File Report
					2009–1165</comments>
				<lat>19.26</lat>
				<lon>-155.86</lon>
				<elev>524.00</elev>
				<startTime>1979-05-17 12:00:00</startTime>
				<endTime>9999-01-01 00:00:00</endTime>
				<diffUTC>0</diffUTC>
				<SeismicInstrument code="KAA_ASPSC">
					<name>Near-surface seismometer analog short-period single-component
					</name>
					<comments>Site:Kaapuna</comments>
					<startTime>1979-05-17 12:00:00</startTime>
					<endTime>9999-01-01 00:00:00</endTime>
				</SeismicInstrument>
			</SeismicStation>
			<SeismicStation code="KAE" owner1="USGS" owner2="HVO"
				pubDate="2008-01-01 00:00:00">
				<name>Kaena Point</name>
				<description>Sensor:L4C,Archive:HVO</description>
				<comments>Ref: Guffanti et al., 2010, Volcano- monitoring
					instrumentation in the United States, 2008: USGS Open-File Report
					2009–1165</comments>
				<lat>19.28</lat>
				<lon>-155.12</lon>
				<elev>37.00</elev>
				<startTime>1979-05-17 12:00:00</startTime>
				<endTime>9999-01-01 00:00:00</endTime>
				<diffUTC>0</diffUTC>
				<SeismicInstrument code="KAE_ASPSC">
					<name>Near-surface seismometer analog short-period single-component
					</name>
					<comments>Site:Kaena Point</comments>
					<startTime>1979-05-17 12:00:00</startTime>
					<endTime>9999-01-01 00:00:00</endTime>
				</SeismicInstrument>
			</SeismicStation>
			<SeismicStation code="KLC" owner1="USGS" owner2="HVO"
				pubDate="2008-01-01 00:00:00">
				<name>Kalalua Cone</name>
				<description>Sensor:L4C,Archive:HVO</description>
				<comments>Ref: Guffanti et al., 2010, Volcano- monitoring
					instrumentation in the United States, 2008: USGS Open-File Report
					2009–1165</comments>
				<lat>19.40</lat>
				<lon>-155.06</lon>
				<elev>659.00</elev>
				<startTime>1986-09-25 12:00:00</startTime>
				<endTime>9999-01-01 00:00:00</endTime>
				<diffUTC>0</diffUTC>
				<SeismicInstrument code="KLC_ASPSC">
					<name>Near-surface seismometer analog short-period single-component
					</name>
					<comments>Site:Kalalua Cone</comments>
					<startTime>1986-09-25 12:00:00</startTime>
					<endTime>9999-01-01 00:00:00</endTime>
				</SeismicInstrument>
			</SeismicStation>
			<SeismicStation code="KNH" owner1="USGS" owner2="HVO"
				pubDate="2008-01-01 00:00:00">
				<name>Kane Nui O Hamo</name>
				<description>Sensor:L4C,Archive:HVO</description>
				<comments>Ref: Guffanti et al., 2010, Volcano- monitoring
					instrumentation in the United States, 2008: USGS Open-File Report
					2009–1165</comments>
				<lat>19.37</lat>
				<lon>-155.16</lon>
				<elev>954.00</elev>
				<startTime>2002-08-15 12:00:00</startTime>
				<endTime>9999-01-01 00:00:00</endTime>
				<diffUTC>0</diffUTC>
				<SeismicInstrument code="KNH_ASPSC">
					<name>Near-surface seismometer analog short-period single-component
					</name>
					<comments>Site:Kane Nui O Hamo</comments>
					<startTime>2002-08-15 12:00:00</startTime>
					<endTime>9999-01-01 00:00:00</endTime>
				</SeismicInstrument>
			</SeismicStation>
			<SeismicStation code="KPO" owner1="USGS" owner2="HVO"
				pubDate="2008-01-01 00:00:00">
				<name>Kapoho</name>
				<description>Sensor:L4C,Archive:HVO</description>
				<comments>Ref: Guffanti et al., 2010, Volcano- monitoring
					instrumentation in the United States, 2008: USGS Open-File Report
					2009–1165</comments>
				<lat>19.49</lat>
				<lon>-154.83</lon>
				<elev>134.00</elev>
				<startTime>1980-09-17 12:00:00</startTime>
				<endTime>9999-01-01 00:00:00</endTime>
				<diffUTC>0</diffUTC>
				<SeismicInstrument code="KPO_ASPSC">
					<name>Near-surface seismometer analog short-period single-component
					</name>
					<comments>Site:Kapoho</comments>
					<startTime>1980-09-17 12:00:00</startTime>
					<endTime>9999-01-01 00:00:00</endTime>
				</SeismicInstrument>
			</SeismicStation>
			<SeismicStation code="KPN" owner1="USGS" owner2="HVO"
				pubDate="2008-01-01 00:00:00">
				<name>Kipuka Nene</name>
				<description>Sensor:L4C,Archive:HVO</description>
				<comments>Ref: Guffanti et al., 2010, Volcano- monitoring
					instrumentation in the United States, 2008: USGS Open-File Report
					2009–1165</comments>
				<lat>19.33</lat>
				<lon>-155.28</lon>
				<elev>924.00</elev>
				<startTime>1979-05-17 12:00:00</startTime>
				<endTime>9999-01-01 00:00:00</endTime>
				<diffUTC>0</diffUTC>
				<SeismicInstrument code="KPN_ASPSC">
					<name>Near-surface seismometer analog short-period single-component
					</name>
					<comments>Site:Kipuka Nene</comments>
					<startTime>1979-05-17 12:00:00</startTime>
					<endTime>9999-01-01 00:00:00</endTime>
				</SeismicInstrument>
			</SeismicStation>
			<SeismicStation code="OTL" owner1="USGS" owner2="HVO"
				pubDate="2008-01-01 00:00:00">
				<name>Outlet</name>
				<description>Sensor:L4C,Archive:HVO</description>
				<comments>Ref: Guffanti et al., 2010, Volcano- monitoring
					instrumentation in the United States, 2008: USGS Open-File Report
					2009–1165</comments>
				<lat>19.38</lat>
				<lon>-155.27</lon>
				<elev>1038.00</elev>
				<startTime>1994-05-13 12:00:00</startTime>
				<endTime>9999-01-01 00:00:00</endTime>
				<diffUTC>0</diffUTC>
				<SeismicInstrument code="OTL_ASPSC">
					<name>Near-surface seismometer analog short-period single-component
					</name>
					<comments>Site:Outlet</comments>
					<startTime>1994-05-13 12:00:00</startTime>
					<endTime>9999-01-01 00:00:00</endTime>
				</SeismicInstrument>
			</SeismicStation>
			<SeismicStation code="POI" owner1="USGS" owner2="HVO"
				pubDate="2008-01-01 00:00:00">
				<name>Pohoiki</name>
				<description>Sensor:L4C,Archive:HVO</description>
				<comments>Ref: Guffanti et al., 2010, Volcano- monitoring
					instrumentation in the United States, 2008: USGS Open-File Report
					2009–1165</comments>
				<lat>19.45</lat>
				<lon>-154.85</lon>
				<elev>16.00</elev>
				<startTime>1980-10-14 12:00:00</startTime>
				<endTime>9999-01-01 00:00:00</endTime>
				<diffUTC>0</diffUTC>
				<SeismicInstrument code="POI_ASPSC">
					<name>Near-surface seismometer analog short-period single-component
					</name>
					<comments>Site:Pohoiki</comments>
					<startTime>1980-10-14 12:00:00</startTime>
					<endTime>9999-01-01 00:00:00</endTime>
				</SeismicInstrument>
			</SeismicStation>
			<SeismicStation code="POL" owner1="USGS" owner2="HVO"
				pubDate="2008-01-01 00:00:00">
				<name>Poliokeawe Pali</name>
				<description>Sensor:L4C,Archive:HVO</description>
				<comments>Ref: Guffanti et al., 2010, Volcano- monitoring
					instrumentation in the United States, 2008: USGS Open-File Report
					2009–1165</comments>
				<lat>19.28</lat>
				<lon>-155.22</lon>
				<elev>169.00</elev>
				<startTime>1979-05-17 12:00:00</startTime>
				<endTime>9999-01-01 00:00:00</endTime>
				<diffUTC>0</diffUTC>
				<SeismicInstrument code="POL_ASPSC">
					<name>Near-surface seismometer analog short-period single-component
					</name>
					<comments>Site:Poliokeawe Pali</comments>
					<startTime>1979-05-17 12:00:00</startTime>
					<endTime>9999-01-01 00:00:00</endTime>
				</SeismicInstrument>
			</SeismicStation>
			<SeismicStation code="KLU" owner1="USGS" owner2="HVO"
				pubDate="2008-01-01 00:00:00">
				<name>Puu Kaliu</name>
				<description>Sensor:L4C,Archive:HVO</description>
				<comments>Ref: Guffanti et al., 2010, Volcano- monitoring
					instrumentation in the United States, 2008: USGS Open-File Report
					2009–1165</comments>
				<lat>19.45</lat>
				<lon>-154.91</lon>
				<elev>271.00</elev>
				<startTime>1979-05-17 12:00:00</startTime>
				<endTime>9999-01-01 00:00:00</endTime>
				<diffUTC>0</diffUTC>
				<SeismicInstrument code="KLU_ASPSC">
					<name>Near-surface seismometer analog short-period single-component
					</name>
					<comments>Site:Puu Kaliu</comments>
					<startTime>1979-05-17 12:00:00</startTime>
					<endTime>9999-01-01 00:00:00</endTime>
				</SeismicInstrument>
			</SeismicStation>
			<SeismicStation code="PPL" owner1="USGS" owner2="HVO"
				pubDate="2008-01-01 00:00:00">
				<name>Puu Pili</name>
				<description>Sensor:L4C,Archive:HVO</description>
				<comments>Ref: Guffanti et al., 2010, Volcano- monitoring
					instrumentation in the United States, 2008: USGS Open-File Report
					2009–1165</comments>
				<lat>19.15</lat>
				<lon>-155.46</lon>
				<elev>35.00</elev>
				<startTime>1979-05-17 12:00:00</startTime>
				<endTime>9999-01-01 00:00:00</endTime>
				<diffUTC>0</diffUTC>
				<SeismicInstrument code="PPL_ASPSC">
					<name>Near-surface seismometer analog short-period single-component
					</name>
					<comments>Site:Puu Pili</comments>
					<startTime>1979-05-17 12:00:00</startTime>
					<endTime>9999-01-01 00:00:00</endTime>
				</SeismicInstrument>
			</SeismicStation>
			<SeismicStation code="RSD" owner1="USGS" owner2="HVO"
				pubDate="2008-01-01 00:00:00">
				<name>Rainshed</name>
				<description>Sensor:L4C,Archive:HVO</description>
				<comments>Ref: Guffanti et al., 2010, Volcano- monitoring
					instrumentation in the United States, 2008: USGS Open-File Report
					2009–1165</comments>
				<lat>19.45</lat>
				<lon>-155.27</lon>
				<elev>1270.00</elev>
				<startTime>1987-07-14 12:00:00</startTime>
				<endTime>9999-01-01 00:00:00</endTime>
				<diffUTC>0</diffUTC>
				<SeismicInstrument code="RSD_ASPSC">
					<name>Near-surface seismometer analog short-period single-component
					</name>
					<comments>Site:Rainshed</comments>
					<startTime>1987-07-14 12:00:00</startTime>
					<endTime>9999-01-01 00:00:00</endTime>
				</SeismicInstrument>
			</SeismicStation>
			<SeismicStation code="RIM" owner1="USGS" owner2="HVO"
				pubDate="2008-01-01 00:00:00">
				<name>Rim</name>
				<description>Sensor:L4C,Archive:HVO</description>
				<comments>Ref: Guffanti et al., 2010, Volcano- monitoring
					instrumentation in the United States, 2008: USGS Open-File Report
					2009–1165</comments>
				<lat>19.39</lat>
				<lon>-155.27</lon>
				<elev>1128.00</elev>
				<startTime>1979-05-17 12:00:00</startTime>
				<endTime>9999-01-01 00:00:00</endTime>
				<diffUTC>0</diffUTC>
				<SeismicInstrument code="RIM_ASPSC">
					<name>Near-surface seismometer analog short-period single-component
					</name>
					<comments>Site:Rim</comments>
					<startTime>1979-05-17 12:00:00</startTime>
					<endTime>9999-01-01 00:00:00</endTime>
				</SeismicInstrument>
			</SeismicStation>
			<SeismicStation code="STC" owner1="USGS" owner2="HVO"
				pubDate="2008-01-01 00:00:00">
				<name>Steam Cracks</name>
				<description>Sensor:L4C,Archive:HVO</description>
				<comments>Ref: Guffanti et al., 2010, Volcano- monitoring
					instrumentation in the United States, 2008: USGS Open-File Report
					2009–1165</comments>
				<lat>19.38</lat>
				<lon>-155.12</lon>
				<elev>765.00</elev>
				<startTime>2000-02-10 12:00:00</startTime>
				<endTime>9999-01-01 00:00:00</endTime>
				<diffUTC>0</diffUTC>
				<SeismicInstrument code="STC_ASPSC">
					<name>Near-surface seismometer analog short-period single-component
					</name>
					<comments>Site:Steam Cracks</comments>
					<startTime>2000-02-10 12:00:00</startTime>
					<endTime>9999-01-01 00:00:00</endTime>
				</SeismicInstrument>
			</SeismicStation>
			<SeismicStation code="UUG" owner1="USGS" owner2="HVO"
				pubDate="2008-01-01 00:00:00">
				<name>Uwekahuna Unity Gain</name>
				<description>Sensor:L4C ,Archive:HVO</description>
				<comments>Ref: Guffanti et al., 2010, Volcano- monitoring
					instrumentation in the United States, 2008: USGS Open-File Report
					2009–1165</comments>
				<lat>19.42</lat>
				<lon>-155.29</lon>
				<elev>1240.00</elev>
				<startTime>1994-04-22 12:00:00</startTime>
				<endTime>9999-01-01 00:00:00</endTime>
				<diffUTC>0</diffUTC>
				<SeismicInstrument code="UUG_ASPSC">
					<name>Near-surface seismometer analog short-period single-component
					</name>
					<comments>Site:Uwekahuna Unity Gain</comments>
					<startTime>1994-04-22 12:00:00</startTime>
					<endTime>9999-01-01 00:00:00</endTime>
				</SeismicInstrument>
			</SeismicStation>
			<SeismicStation code="LPH" owner1="USGS" owner2="HVO"
				pubDate="2008-01-01 00:00:00">
				<name>Laupahoehoe</name>
				<description>Sensor:L4C,Archive:HVO</description>
				<comments>Ref: Guffanti et al., 2010, Volcano- monitoring
					instrumentation in the United States, 2008: USGS Open-File Report
					2009–1165</comments>
				<lat>19.99</lat>
				<lon>-155.24</lon>
				<elev>1.00</elev>
				<startTime>1990-01-01 12:00:00</startTime>
				<endTime>9999-01-01 00:00:00</endTime>
				<diffUTC>0</diffUTC>
				<SeismicInstrument code="LPH_ASPSC">
					<name>Near-surface seismometer analog short-period single-component
					</name>
					<comments>Site:Laupahoehoe</comments>
					<startTime>1990-01-01 12:00:00</startTime>
					<endTime>9999-01-01 00:00:00</endTime>
				</SeismicInstrument>
			</SeismicStation>
			<SeismicStation code="WAI" owner1="USGS" owner2="HVO"
				pubDate="2008-01-01 00:00:00">
				<name>Waikii</name>
				<description>Sensor:L4C,Archive:HVO</description>
				<comments>Ref: Guffanti et al., 2010, Volcano- monitoring
					instrumentation in the United States, 2008: USGS Open-File Report
					2009–1165</comments>
				<lat>19.85</lat>
				<lon>-155.65</lon>
				<elev>1433.00</elev>
				<startTime>1984-01-20 12:00:00</startTime>
				<endTime>9999-01-01 00:00:00</endTime>
				<diffUTC>0</diffUTC>
				<SeismicInstrument code="WAI_ASPSC">
					<name>Near-surface seismometer analog short-period single-component
					</name>
					<comments>Site:Waikii</comments>
					<startTime>1984-01-20 12:00:00</startTime>
					<endTime>9999-01-01 00:00:00</endTime>
				</SeismicInstrument>
			</SeismicStation>
			<SeismicStation code="CPK" owner1="USGS" owner2="HVO"
				pubDate="2008-01-01 00:00:00">
				<name>Cone Peak</name>
				<description>Sensor:L4C,Archive:HVO</description>
				<comments>Ref: Guffanti et al., 2010, Volcano- monitoring
					instrumentation in the United States, 2008: USGS Open-File Report
					2009–1165</comments>
				<lat>19.39</lat>
				<lon>-155.32</lon>
				<elev>1038.00</elev>
				<startTime>1979-05-17 12:00:00</startTime>
				<endTime>9999-01-01 00:00:00</endTime>
				<diffUTC>0</diffUTC>
				<SeismicInstrument code="CPK_ASPSC">
					<name>Near-surface seismometer analog short-period single-component
					</name>
					<comments>Site:Cone Peak</comments>
					<startTime>1979-05-17 12:00:00</startTime>
					<endTime>9999-01-01 00:00:00</endTime>
				</SeismicInstrument>
			</SeismicStation>
			<SeismicStation code="DAN" owner1="USGS" owner2="HVO"
				pubDate="2008-01-01 00:00:00">
				<name>Dandelion</name>
				<description>Sensor:L4C,Archive:HVO</description>
				<comments>Ref: Guffanti et al., 2010, Volcano- monitoring
					instrumentation in the United States, 2008: USGS Open-File Report
					2009–1165</comments>
				<lat>19.35</lat>
				<lon>-155.66</lon>
				<elev>3003.00</elev>
				<startTime>1979-05-17 12:00:00</startTime>
				<endTime>9999-01-01 00:00:00</endTime>
				<diffUTC>0</diffUTC>
				<SeismicInstrument code="DAN_ASPSC">
					<name>Near-surface seismometer analog short-period single-component
					</name>
					<comments>Site:Dandelion</comments>
					<startTime>1979-05-17 12:00:00</startTime>
					<endTime>9999-01-01 00:00:00</endTime>
				</SeismicInstrument>
			</SeismicStation>
			<SeismicStation code="HPU" owner1="USGS" owner2="HVO"
				pubDate="2008-01-01 00:00:00">
				<name>Hale Pohaku</name>
				<description>Sensor:L4C,Archive:HVO</description>
				<comments>Ref: Guffanti et al., 2010, Volcano- monitoring
					instrumentation in the United States, 2008: USGS Open-File Report
					2009–1165</comments>
				<lat>19.77</lat>
				<lon>-155.45</lon>
				<elev>3396.00</elev>
				<startTime>1979-05-17 12:00:00</startTime>
				<endTime>9999-01-01 00:00:00</endTime>
				<diffUTC>0</diffUTC>
				<SeismicInstrument code="HPU_ASPSC">
					<name>Near-surface seismometer analog short-period single-component
					</name>
					<comments>Site:Hale Pohaku</comments>
					<startTime>1979-05-17 12:00:00</startTime>
					<endTime>9999-01-01 00:00:00</endTime>
				</SeismicInstrument>
			</SeismicStation>
			<SeismicStation code="HSS" owner1="USGS" owner2="HVO"
				pubDate="2008-01-01 00:00:00">
				<name>Humuula Sheep</name>
				<description>Sensor:L4C,Archive:HVO</description>
				<comments>Ref: Guffanti et al., 2010, Volcano- monitoring
					instrumentation in the United States, 2008: USGS Open-File Report
					2009–1165</comments>
				<lat>19.60</lat>
				<lon>-155.48</lon>
				<elev>2445.00</elev>
				<startTime>2001-03-24 12:00:00</startTime>
				<endTime>9999-01-01 00:00:00</endTime>
				<diffUTC>0</diffUTC>
				<SeismicInstrument code="HSS_ASPSC">
					<name>Near-surface seismometer analog short-period single-component
					</name>
					<comments>Site:Humuula Sheep</comments>
					<startTime>2001-03-24 12:00:00</startTime>
					<endTime>9999-01-01 00:00:00</endTime>
				</SeismicInstrument>
			</SeismicStation>
			<SeismicStation code="KKH" owner1="USGS" owner2="HVO"
				pubDate="2008-01-01 00:00:00">
				<name>Kailua Kona</name>
				<description>Sensor:L4C,Archive:HVO</description>
				<comments>Ref: Guffanti et al., 2010, Volcano- monitoring
					instrumentation in the United States, 2008: USGS Open-File Report
					2009–1165</comments>
				<lat>19.65</lat>
				<lon>-156.01</lon>
				<elev>1.00</elev>
				<startTime>1996-01-01 12:00:00</startTime>
				<endTime>9999-01-01 00:00:00</endTime>
				<diffUTC>0</diffUTC>
				<SeismicInstrument code="KKH_ASPSC">
					<name>Near-surface seismometer analog short-period single-component
					</name>
					<comments>Site:Kailua Kona</comments>
					<startTime>1996-01-01 12:00:00</startTime>
					<endTime>9999-01-01 00:00:00</endTime>
				</SeismicInstrument>
			</SeismicStation>
			<SeismicStation code="KFA" owner1="USGS" owner2="HVO"
				pubDate="2008-01-01 00:00:00">
				<name>Kaoiki Fault</name>
				<description>Sensor:L4C,Archive:HVO</description>
				<comments>Ref: Guffanti et al., 2010, Volcano- monitoring
					instrumentation in the United States, 2008: USGS Open-File Report
					2009–1165</comments>
				<lat>19.41</lat>
				<lon>-155.41</lon>
				<elev>1579.00</elev>
				<startTime>1990-01-01 00:00:00</startTime>
				<endTime>9999-01-01 00:00:00</endTime>
				<diffUTC>0</diffUTC>
				<SeismicInstrument code="KFA_ASPSC">
					<name>Near-surface seismometer analog short-period single-component
					</name>
					<comments>Site:Kaoiki Fault</comments>
					<startTime>1990-01-01 00:00:00</startTime>
					<endTime>9999-01-01 00:00:00</endTime>
				</SeismicInstrument>
			</SeismicStation>
			<SeismicStation code="KKU" owner1="USGS" owner2="HVO"
				pubDate="2008-01-01 00:00:00">
				<name>Keanakolu</name>
				<description>Sensor:L4C,Archive:HVO</description>
				<comments>Ref: Guffanti et al., 2010, Volcano- monitoring
					instrumentation in the United States, 2008: USGS Open-File Report
					2009–1165</comments>
				<lat>19.88</lat>
				<lon>-155.34</lon>
				<elev>1863.00</elev>
				<startTime>1979-05-17 12:00:00</startTime>
				<endTime>9999-01-01 00:00:00</endTime>
				<diffUTC>0</diffUTC>
				<SeismicInstrument code="KKU_ASPSC">
					<name>Near-surface seismometer analog short-period single-component
					</name>
					<comments>Site:Keanakolu</comments>
					<startTime>1979-05-17 12:00:00</startTime>
					<endTime>9999-01-01 00:00:00</endTime>
				</SeismicInstrument>
			</SeismicStation>
			<SeismicStation code="MLX" owner1="USGS" owner2="HVO"
				pubDate="2008-01-01 00:00:00">
				<name>Mauna Loa X</name>
				<description>Sensor:L4C,Archive:HVO</description>
				<comments>Ref: Guffanti et al., 2010, Volcano- monitoring
					instrumentation in the United States, 2008: USGS Open-File Report
					2009–1165</comments>
				<lat>19.45</lat>
				<lon>-155.34</lon>
				<elev>1475.00</elev>
				<startTime>1979-05-17 12:00:00</startTime>
				<endTime>9999-01-01 00:00:00</endTime>
				<diffUTC>0</diffUTC>
				<SeismicInstrument code="MLX_ASPSC">
					<name>Near-surface seismometer analog short-period single-component
					</name>
					<comments>Site:Mauna Loa X</comments>
					<startTime>1979-05-17 12:00:00</startTime>
					<endTime>9999-01-01 00:00:00</endTime>
				</SeismicInstrument>
			</SeismicStation>
			<SeismicStation code="MOK" owner1="USGS" owner2="HVO"
				pubDate="2008-01-01 00:00:00">
				<name>Moku`aweoweo</name>
				<description>Sensor:L4C,Archive:HVO</description>
				<comments>Ref: Guffanti et al., 2010, Volcano- monitoring
					instrumentation in the United States, 2008: USGS Open-File Report
					2009–1165</comments>
				<lat>19.48</lat>
				<lon>-155.59</lon>
				<elev>4104.00</elev>
				<startTime>1979-05-17 12:00:00</startTime>
				<endTime>9999-01-01 00:00:00</endTime>
				<diffUTC>0</diffUTC>
				<SeismicInstrument code="MOK_ASPSC">
					<name>Near-surface seismometer analog short-period single-component
					</name>
					<comments>Site:Moku`aweoweo</comments>
					<startTime>1979-05-17 12:00:00</startTime>
					<endTime>9999-01-01 00:00:00</endTime>
				</SeismicInstrument>
			</SeismicStation>
			<SeismicStation code="OVE" owner1="USGS" owner2="HVO"
				pubDate="2008-01-01 00:00:00">
				<name>Oceanview Estates</name>
				<description>Sensor:L4C,Archive:HVO</description>
				<comments>Ref: Guffanti et al., 2010, Volcano- monitoring
					instrumentation in the United States, 2008: USGS Open-File Report
					2009–1165</comments>
				<lat>19.15</lat>
				<lon>-155.76</lon>
				<elev>1378.00</elev>
				<startTime>1995-04-24 12:00:00</startTime>
				<endTime>9999-01-01 00:00:00</endTime>
				<diffUTC>0</diffUTC>
				<SeismicInstrument code="OVE_ASPSC">
					<name>Near-surface seismometer analog short-period single-component
					</name>
					<comments>Site:Oceanview Estates</comments>
					<startTime>1995-04-24 12:00:00</startTime>
					<endTime>9999-01-01 00:00:00</endTime>
				</SeismicInstrument>
			</SeismicStation>
			<SeismicStation code="RCO" owner1="USGS" owner2="HVO"
				pubDate="2008-01-01 00:00:00">
				<name>Red Cone</name>
				<description>Sensor:L4C,Archive:HVO</description>
				<comments>Ref: Guffanti et al., 2010, Volcano- monitoring
					instrumentation in the United States, 2008: USGS Open-File Report
					2009–1165</comments>
				<lat>19.40</lat>
				<lon>-155.62</lon>
				<elev>3601.00</elev>
				<startTime>1994-07-26 12:00:00</startTime>
				<endTime>9999-01-01 00:00:00</endTime>
				<diffUTC>0</diffUTC>
				<SeismicInstrument code="RCO_ASPSC">
					<name>Near-surface seismometer analog short-period single-component
					</name>
					<comments>Site:Red Cone</comments>
					<startTime>1994-07-26 12:00:00</startTime>
					<endTime>9999-01-01 00:00:00</endTime>
				</SeismicInstrument>
			</SeismicStation>
			<SeismicStation code="SWR" owner1="USGS" owner2="HVO"
				pubDate="2008-01-01 00:00:00">
				<name>Southwest Rift</name>
				<description>Sensor:L4C,Archive:HVO</description>
				<comments>Ref: Guffanti et al., 2010, Volcano- monitoring
					instrumentation in the United States, 2008: USGS Open-File Report
					2009–1165</comments>
				<lat>19.45</lat>
				<lon>-155.60</lon>
				<elev>4048.00</elev>
				<startTime>1979-05-17 12:00:00</startTime>
				<endTime>9999-01-01 00:00:00</endTime>
				<diffUTC>0</diffUTC>
				<SeismicInstrument code="SWR_ASPSC">
					<name>Near-surface seismometer analog short-period single-component
					</name>
					<comments>Site:Southwest Rift</comments>
					<startTime>1979-05-17 12:00:00</startTime>
					<endTime>9999-01-01 00:00:00</endTime>
				</SeismicInstrument>
			</SeismicStation>
			<SeismicStation code="TRA" owner1="USGS" owner2="HVO"
				pubDate="2008-01-01 00:00:00">
				<name>Trail</name>
				<description>Sensor:L4C,Archive:HVO</description>
				<comments>Ref: Guffanti et al., 2010, Volcano- monitoring
					instrumentation in the United States, 2008: USGS Open-File Report
					2009–1165</comments>
				<lat>19.41</lat>
				<lon>-155.54</lon>
				<elev>3207.00</elev>
				<startTime>1983-07-14 12:00:00</startTime>
				<endTime>9999-01-01 00:00:00</endTime>
				<diffUTC>0</diffUTC>
				<SeismicInstrument code="TRA_ASPSC">
					<name>Near-surface seismometer analog short-period single-component
					</name>
					<comments>Site:Trail</comments>
					<startTime>1983-07-14 12:00:00</startTime>
					<endTime>9999-01-01 00:00:00</endTime>
				</SeismicInstrument>
			</SeismicStation>
			<SeismicStation code="WOB" owner1="USGS" owner2="HVO"
				pubDate="2008-01-01 00:00:00">
				<name>Weather Observatory</name>
				<description>Sensor:L4C,Archive:HVO</description>
				<comments>Ref: Guffanti et al., 2010, Volcano- monitoring
					instrumentation in the United States, 2008: USGS Open-File Report
					2009–1165</comments>
				<lat>19.53</lat>
				<lon>-155.58</lon>
				<elev>3396.00</elev>
				<startTime>1979-05-17 12:00:00</startTime>
				<endTime>9999-01-01 00:00:00</endTime>
				<diffUTC>0</diffUTC>
				<SeismicInstrument code="WOB_ASPSC">
					<name>Near-surface seismometer analog short-period single-component
					</name>
					<comments>Site:Weather Observatory</comments>
					<startTime>1979-05-17 12:00:00</startTime>
					<endTime>9999-01-01 00:00:00</endTime>
				</SeismicInstrument>
			</SeismicStation>
			<SeismicStation code="WOO" owner1="USGS" owner2="HVO"
				pubDate="2008-01-01 00:00:00">
				<name>Wood Valley</name>
				<description>Sensor:L4C,Archive:HVO</description>
				<comments>Ref: Guffanti et al., 2010, Volcano- monitoring
					instrumentation in the United States, 2008: USGS Open-File Report
					2009–1165</comments>
				<lat>19.24</lat>
				<lon>-155.49</lon>
				<elev>909.00</elev>
				<startTime>1979-05-17 12:00:00</startTime>
				<endTime>9999-01-01 00:00:00</endTime>
				<diffUTC>0</diffUTC>
				<SeismicInstrument code="WOO_ASPSC">
					<name>Near-surface seismometer analog short-period single-component
					</name>
					<comments>Site:Wood Valley</comments>
					<startTime>1979-05-17 12:00:00</startTime>
					<endTime>9999-01-01 00:00:00</endTime>
				</SeismicInstrument>
			</SeismicStation>
			<SeismicStation code="NAG" owner1="USGS" owner2="HVO"
				pubDate="2008-01-01 00:00:00">
				<name>National Guard</name>
				<description>Sensor:SS1 Kinematic Ranger,Archive:HVO</description>
				<comments>Ref: Guffanti et al., 2010, Volcano- monitoring
					instrumentation in the United States, 2008: USGS Open-File Report
					2009–1165</comments>
				<lat>19.69</lat>
				<lon>-155.02</lon>
				<elev>18.00</elev>
				<startTime>1993-04-01 12:00:00</startTime>
				<endTime>9999-01-01 00:00:00</endTime>
				<diffUTC>0</diffUTC>
				<SeismicInstrument code="NAG_ASPMC">
					<name>Near-surface seismometer analog short-period multi-component
					</name>
					<comments>Site:National Guard</comments>
					<startTime>1993-04-01 12:00:00</startTime>
					<endTime>9999-01-01 00:00:00</endTime>
				</SeismicInstrument>
			</SeismicStation>
			<SeismicStation code="AHU" owner1="USGS" owner2="HVO"
				pubDate="2008-01-01 00:00:00">
				<name>Ahua</name>
				<description>Sensor:Electrotech EV-17,Archive:HVO</description>
				<comments>Ref: Guffanti et al., 2010, Volcano- monitoring
					instrumentation in the United States, 2008: USGS Open-File Report
					2009–1165</comments>
				<lat>19.37</lat>
				<lon>-155.26</lon>
				<elev>1070.00</elev>
				<startTime>1984-04-24 12:00:00</startTime>
				<endTime>9999-01-01 00:00:00</endTime>
				<diffUTC>0</diffUTC>
				<SeismicInstrument code="AHU_ASPMC">
					<name>Near-surface seismometer analog short-period multi-component
					</name>
					<comments>Site:Ahua</comments>
					<startTime>1984-04-24 12:00:00</startTime>
					<endTime>9999-01-01 00:00:00</endTime>
				</SeismicInstrument>
			</SeismicStation>
			<SeismicStation code="AH1" owner1="USGS" owner2="HVO"
				pubDate="2008-01-01 00:00:00">
				<name>Ahua Experimental</name>
				<description>Sensor:Marks Product L4C,Archive:HVO</description>
				<comments>Ref: Guffanti et al., 2010, Volcano- monitoring
					instrumentation in the United States, 2008: USGS Open-File Report
					2009–1165</comments>
				<lat>19.37</lat>
				<lon>-155.26</lon>
				<elev>1070.00</elev>
				<startTime>2003-03-26 12:00:00</startTime>
				<endTime>2006-08-01 12:00:00</endTime>
				<diffUTC>0</diffUTC>
				<SeismicInstrument code="AH1_ASPMC">
					<name>Near-surface seismometer analog short-period multi-component
					</name>
					<comments>Site:Ahua Experimental</comments>
					<startTime>2003-03-26 12:00:00</startTime>
					<endTime>2006-08-01 12:00:00</endTime>
				</SeismicInstrument>
			</SeismicStation>
			<SeismicStation code="NPT" owner1="USGS" owner2="HVO"
				pubDate="2008-01-01 00:00:00">
				<name>North Pit</name>
				<description>Sensor:L4,Archive:HVO</description>
				<comments>Ref: Guffanti et al., 2010, Volcano- monitoring
					instrumentation in the United States, 2008: USGS Open-File Report
					2009–1165</comments>
				<lat>19.41</lat>
				<lon>-155.28</lon>
				<elev>1115.00</elev>
				<startTime>1984-10-12 12:00:00</startTime>
				<endTime>2007-07-30 12:00:00</endTime>
				<diffUTC>0</diffUTC>
				<SeismicInstrument code="NPT_ASPMC">
					<name>Near-surface seismometer analog short-period multi-component
					</name>
					<comments>Site:North Pit</comments>
					<startTime>1984-10-12 12:00:00</startTime>
					<endTime>2007-07-30 12:00:00</endTime>
				</SeismicInstrument>
			</SeismicStation>
			<SeismicStation code="KOH" owner1="USGS" owner2="HVO"
				pubDate="2008-01-01 00:00:00">
				<name>Kohala</name>
				<description>Sensor:L4C,Archive:HVO</description>
				<comments>Ref: Guffanti et al., 2010, Volcano- monitoring
					instrumentation in the United States, 2008: USGS Open-File Report
					2009–1165</comments>
				<lat>20.12</lat>
				<lon>-155.77</lon>
				<elev>1166.00</elev>
				<startTime>1985-01-30 12:00:00</startTime>
				<endTime>9999-01-01 00:00:00</endTime>
				<diffUTC>0</diffUTC>
				<SeismicInstrument code="KOH_ASPMC">
					<name>Near-surface seismometer analog short-period multi-component
					</name>
					<comments>Site:Kohala</comments>
					<startTime>1985-01-30 12:00:00</startTime>
					<endTime>9999-01-01 00:00:00</endTime>
				</SeismicInstrument>
			</SeismicStation>
			<SeismicStation code="AIN" owner1="USGS" owner2="HVO"
				pubDate="2008-01-01 00:00:00">
				<name>Ainapo</name>
				<description>Sensor:L4C,Archive:HVO</description>
				<comments>Ref: Guffanti et al., 2010, Volcano- monitoring
					instrumentation in the United States, 2008: USGS Open-File Report
					2009–1165</comments>
				<lat>19.37</lat>
				<lon>-155.45</lon>
				<elev>1524.00</elev>
				<startTime>1993-11-20 12:00:00</startTime>
				<endTime>9999-01-01 00:00:00</endTime>
				<diffUTC>0</diffUTC>
				<SeismicInstrument code="AIN_ASPMC">
					<name>Near-surface seismometer analog short-period multi-component
					</name>
					<comments>Site:Ainapo</comments>
					<startTime>1993-11-20 12:00:00</startTime>
					<endTime>9999-01-01 00:00:00</endTime>
				</SeismicInstrument>
			</SeismicStation>
			<SeismicStation code="WIL" owner1="USGS" owner2="HVO"
				pubDate="2008-01-01 00:00:00">
				<name>Wilkes Camp</name>
				<description>Sensor:L4C,Archive:HVO</description>
				<comments>Ref: Guffanti et al., 2010, Volcano- monitoring
					instrumentation in the United States, 2008: USGS Open-File Report
					2009–1165</comments>
				<lat>19.46</lat>
				<lon>-155.58</lon>
				<elev>4037.00</elev>
				<startTime>1985-10-30 12:00:00</startTime>
				<endTime>9999-01-01 00:00:00</endTime>
				<diffUTC>0</diffUTC>
				<SeismicInstrument code="WIL_ASPMC">
					<name>Near-surface seismometer analog short-period multi-component
					</name>
					<comments>Site:Wilkes Camp</comments>
					<startTime>1985-10-30 12:00:00</startTime>
					<endTime>9999-01-01 00:00:00</endTime>
				</SeismicInstrument>
			</SeismicStation>
			<SeismicStation code="KII" owner1="USGS" owner2="HVO"
				pubDate="2008-01-01 00:00:00">
				<name>Kanekii</name>
				<description>Sensor:L4C,Archive:HVO</description>
				<comments>Ref: Guffanti et al., 2010, Volcano- monitoring
					instrumentation in the United States, 2008: USGS Open-File Report
					2009–1165</comments>
				<lat>19.50</lat>
				<lon>-155.76</lon>
				<elev>1841.00</elev>
				<startTime>1984-09-13 12:00:00</startTime>
				<endTime>9999-01-01 00:00:00</endTime>
				<diffUTC>0</diffUTC>
				<SeismicInstrument code="KII_DSPSC">
					<name>Near-surface seismometer digital short-period
						single-component </name>
					<comments>Site:Kanekii</comments>
					<startTime>1984-09-13 12:00:00</startTime>
					<endTime>9999-01-01 00:00:00</endTime>
				</SeismicInstrument>
			</SeismicStation>
			<SeismicStation code="HUL" owner1="USGS" owner2="HVO"
				pubDate="2008-01-01 00:00:00">
				<name>Heiheiahulu</name>
				<description>Sensor:L4C,Archive:HVO</description>
				<comments>Ref: Guffanti et al., 2010, Volcano- monitoring
					instrumentation in the United States, 2008: USGS Open-File Report
					2009–1165</comments>
				<lat>19.41</lat>
				<lon>-154.97</lon>
				<elev>369.00</elev>
				<startTime>2001-12-01 12:00:00</startTime>
				<endTime>9999-01-01 00:00:00</endTime>
				<diffUTC>0</diffUTC>
				<SeismicInstrument code="HUL_DSPMC">
					<name>Near-surface seismometer digital short-period multi-component
					</name>
					<comments>Site:Heiheiahulu</comments>
					<startTime>2001-12-01 12:00:00</startTime>
					<endTime>9999-01-01 00:00:00</endTime>
				</SeismicInstrument>
			</SeismicStation>
			<SeismicStation code="PAU" owner1="USGS" owner2="HVO"
				pubDate="2008-01-01 00:00:00">
				<name>Pauahi</name>
				<description>Sensor:L4C,Archive:HVO</description>
				<comments>Ref: Guffanti et al., 2010, Volcano- monitoring
					instrumentation in the United States, 2008: USGS Open-File Report
					2009–1165</comments>
				<lat>19.37</lat>
				<lon>-155.21</lon>
				<elev>994.00</elev>
				<startTime>2004-10-06 12:00:00</startTime>
				<endTime>9999-01-01 00:00:00</endTime>
				<diffUTC>0</diffUTC>
				<SeismicInstrument code="PAU_DSPMC">
					<name>Near-surface seismometer digital short-period multi-component
					</name>
					<comments>Site:Pauahi</comments>
					<startTime>2004-10-06 12:00:00</startTime>
					<endTime>9999-01-01 00:00:00</endTime>
				</SeismicInstrument>
			</SeismicStation>
			<SeismicStation code="SPD" owner1="USGS" owner2="HVO"
				pubDate="2008-01-01 00:00:00">
				<name>South Point</name>
				<description>Sensor:L4C,Archive:HVO</description>
				<comments>Ref: Guffanti et al., 2010, Volcano- monitoring
					instrumentation in the United States, 2008: USGS Open-File Report
					2009–1165</comments>
				<lat>18.97</lat>
				<lon>-155.66</lon>
				<elev>250.00</elev>
				<startTime>1994-06-01 12:00:00</startTime>
				<endTime>9999-01-01 00:00:00</endTime>
				<diffUTC>0</diffUTC>
				<SeismicInstrument code="SPD_DSPMC">
					<name>Near-surface seismometer digital short-period multi-component
					</name>
					<comments>Site:South Point</comments>
					<startTime>1994-06-01 12:00:00</startTime>
					<endTime>9999-01-01 00:00:00</endTime>
				</SeismicInstrument>
			</SeismicStation>
			<SeismicStation code="URA" owner1="USGS" owner2="HVO"
				pubDate="2008-01-01 00:00:00">
				<name>Uwekahuna Ranger</name>
				<description>Sensor:SS1 Kinematic Ranger,Archive:HVO</description>
				<comments>Ref: Guffanti et al., 2010, Volcano- monitoring
					instrumentation in the United States, 2008: USGS Open-File Report
					2009–1165</comments>
				<lat>19.42</lat>
				<lon>-155.29</lon>
				<elev>1240.00</elev>
				<startTime>1988-01-22 12:00:00</startTime>
				<endTime>9999-01-01 00:00:00</endTime>
				<diffUTC>0</diffUTC>
				<SeismicInstrument code="URA_DSPMC">
					<name>Near-surface seismometer digital short-period multi-component
					</name>
					<comments>Site:Uwekahuna Ranger</comments>
					<startTime>1988-01-22 12:00:00</startTime>
					<endTime>9999-01-01 00:00:00</endTime>
				</SeismicInstrument>
			</SeismicStation>
			<SeismicStation code="KHU" owner1="USGS" owner2="HVO"
				pubDate="2008-01-01 00:00:00">
				<name>Kahuku</name>
				<description>Sensor:L4C,Archive:HVO</description>
				<comments>Ref: Guffanti et al., 2010, Volcano- monitoring
					instrumentation in the United States, 2008: USGS Open-File Report
					2009–1165</comments>
				<lat>19.24</lat>
				<lon>-155.61</lon>
				<elev>1939.00</elev>
				<startTime>2000-02-16 12:00:00</startTime>
				<endTime>9999-01-01 00:00:00</endTime>
				<diffUTC>0</diffUTC>
				<SeismicInstrument code="KHU_DSPMC">
					<name>Near-surface seismometer digital short-period multi-component
					</name>
					<comments>Site:Kahuku</comments>
					<startTime>2000-02-16 12:00:00</startTime>
					<endTime>9999-01-01 00:00:00</endTime>
				</SeismicInstrument>
			</SeismicStation>
			<SeismicStation code="BYL" owner1="USGS" owner2="HVO"
				pubDate="2008-01-01 00:00:00">
				<name>BYL</name>
				<description>Sensor:broadband,Archive:HVO</description>
				<comments>Ref: Guffanti et al., 2010, Volcano- monitoring
					instrumentation in the United States, 2008: USGS Open-File Report
					2009–1165</comments>
				<lat>19.39</lat>
				<lon>-155.25</lon>
				<elev>1115.00</elev>
				<startTime>1998-05-01 12:00:00</startTime>
				<endTime>9999-01-01 00:00:00</endTime>
				<diffUTC>0</diffUTC>
				<SeismicInstrument code="BYL_DB3C">
					<name>Near-surface seismometer digital broadband 3-component</name>
					<comments>Site:BYL</comments>
					<startTime>1998-05-01 12:00:00</startTime>
					<endTime>9999-01-01 00:00:00</endTime>
				</SeismicInstrument>
			</SeismicStation>
			<SeismicStation code="HAT" owner1="USGS" owner2="HVO"
				pubDate="2008-01-01 00:00:00">
				<name>Halemaumau Trail</name>
				<description>Sensor:broadband,Archive:HVO</description>
				<comments>Ref: Guffanti et al., 2010, Volcano- monitoring
					instrumentation in the United States, 2008: USGS Open-File Report
					2009–1165</comments>
				<lat>19.42</lat>
				<lon>-155.26</lon>
				<elev>1082.00</elev>
				<startTime>1998-05-01 12:00:00</startTime>
				<endTime>9999-01-01 00:00:00</endTime>
				<diffUTC>0</diffUTC>
				<SeismicInstrument code="HAT_DB3C">
					<name>Near-surface seismometer digital broadband 3-component</name>
					<comments>Site:Halemaumau Trail</comments>
					<startTime>1998-05-01 12:00:00</startTime>
					<endTime>9999-01-01 00:00:00</endTime>
				</SeismicInstrument>
			</SeismicStation>
			<SeismicStation code="KKO" owner1="USGS" owner2="HVO"
				pubDate="2008-01-01 00:00:00">
				<name>Keanakakoi</name>
				<description>Sensor:broadband,Archive:HVO</description>
				<comments>Ref: Guffanti et al., 2010, Volcano- monitoring
					instrumentation in the United States, 2008: USGS Open-File Report
					2009–1165</comments>
				<lat>19.39</lat>
				<lon>-155.26</lon>
				<elev>1146.00</elev>
				<startTime>1995-10-01 12:00:00</startTime>
				<endTime>9999-01-01 00:00:00</endTime>
				<diffUTC>0</diffUTC>
				<SeismicInstrument code="KKO_DB3C">
					<name>Near-surface seismometer digital broadband 3-component</name>
					<comments>Site:Keanakakoi</comments>
					<startTime>1995-10-01 12:00:00</startTime>
					<endTime>9999-01-01 00:00:00</endTime>
				</SeismicInstrument>
			</SeismicStation>
			<SeismicStation code="NPB" owner1="USGS" owner2="HVO"
				pubDate="2008-01-01 00:00:00">
				<name>North Pit</name>
				<description>Sensor:broadband,Archive:HVO</description>
				<comments>Ref: Guffanti et al., 2010, Volcano- monitoring
					instrumentation in the United States, 2008: USGS Open-File Report
					2009–1165</comments>
				<lat>19.41</lat>
				<lon>-155.28</lon>
				<elev>1112.00</elev>
				<startTime>1998-05-01 12:00:00</startTime>
				<endTime>9999-01-01 00:00:00</endTime>
				<diffUTC>0</diffUTC>
				<SeismicInstrument code="NPB_DB3C">
					<name>Near-surface seismometer digital broadband 3-component</name>
					<comments>Site:North Pit</comments>
					<startTime>1998-05-01 12:00:00</startTime>
					<endTime>9999-01-01 00:00:00</endTime>
				</SeismicInstrument>
			</SeismicStation>
			<SeismicStation code="OBL" owner1="USGS" owner2="HVO"
				pubDate="2008-01-01 00:00:00">
				<name>Observatory Bluff</name>
				<description>Sensor:broadband,Archive:HVO</description>
				<comments>Ref: Guffanti et al., 2010, Volcano- monitoring
					instrumentation in the United States, 2008: USGS Open-File Report
					2009–1165</comments>
				<lat>19.41</lat>
				<lon>-155.28</lon>
				<elev>1107.00</elev>
				<startTime>1998-05-01 12:00:00</startTime>
				<endTime>9999-01-01 00:00:00</endTime>
				<diffUTC>0</diffUTC>
				<SeismicInstrument code="OBL_DB3C">
					<name>Near-surface seismometer digital broadband 3-component</name>
					<comments>Site:Observatory Bluff</comments>
					<startTime>1998-05-01 12:00:00</startTime>
					<endTime>9999-01-01 00:00:00</endTime>
				</SeismicInstrument>
			</SeismicStation>
			<SeismicStation code="SDH" owner1="USGS" owner2="HVO"
				pubDate="2008-01-01 00:00:00">
				<name>Sand Hill</name>
				<description>Sensor:broadband,Archive:HVO</description>
				<comments>Ref: Guffanti et al., 2010, Volcano- monitoring
					instrumentation in the United States, 2008: USGS Open-File Report
					2009–1165</comments>
				<lat>19.38</lat>
				<lon>-155.29</lon>
				<elev>1133.00</elev>
				<startTime>1994-11-01 12:00:00</startTime>
				<endTime>9999-01-01 00:00:00</endTime>
				<diffUTC>0</diffUTC>
				<SeismicInstrument code="SDH_DB3C">
					<name>Near-surface seismometer digital broadband 3-component</name>
					<comments>Site:Sand Hill</comments>
					<startTime>1994-11-01 12:00:00</startTime>
					<endTime>9999-01-01 00:00:00</endTime>
				</SeismicInstrument>
			</SeismicStation>
			<SeismicStation code="SRM" owner1="USGS" owner2="HVO"
				pubDate="2008-01-01 00:00:00">
				<name>South Rim</name>
				<description>Sensor:broadband,Archive:HVO</description>
				<comments>Ref: Guffanti et al., 2010, Volcano- monitoring
					instrumentation in the United States, 2008: USGS Open-File Report
					2009–1165</comments>
				<lat>19.39</lat>
				<lon>-155.27</lon>
				<elev>1107.00</elev>
				<startTime>1998-05-01 12:00:00</startTime>
				<endTime>9999-01-01 00:00:00</endTime>
				<diffUTC>0</diffUTC>
				<SeismicInstrument code="SRM_DB3C">
					<name>Near-surface seismometer digital broadband 3-component</name>
					<comments>Site:South Rim</comments>
					<startTime>1998-05-01 12:00:00</startTime>
					<endTime>9999-01-01 00:00:00</endTime>
				</SeismicInstrument>
			</SeismicStation>
			<SeismicStation code="SBL" owner1="USGS" owner2="HVO"
				pubDate="2008-01-01 00:00:00">
				<name>Steam Bluff</name>
				<description>Sensor:broadband,Archive:HVO</description>
				<comments>Ref: Guffanti et al., 2010, Volcano- monitoring
					instrumentation in the United States, 2008: USGS Open-File Report
					2009–1165</comments>
				<lat>19.42</lat>
				<lon>-155.26</lon>
				<elev>1084.00</elev>
				<startTime>1998-05-01 12:00:00</startTime>
				<endTime>9999-01-01 00:00:00</endTime>
				<diffUTC>0</diffUTC>
				<SeismicInstrument code="SBL_DB3C">
					<name>Near-surface seismometer digital broadband 3-component</name>
					<comments>Site:Steam Bluff</comments>
					<startTime>1998-05-01 12:00:00</startTime>
					<endTime>9999-01-01 00:00:00</endTime>
				</SeismicInstrument>
			</SeismicStation>
			<SeismicStation code="UWB" owner1="USGS" owner2="HVO"
				pubDate="2008-01-01 00:00:00">
				<name>Uwekahuna Bluff</name>
				<description>Sensor:broadband,Archive:HVO</description>
				<comments>Ref: Guffanti et al., 2010, Volcano- monitoring
					instrumentation in the United States, 2008: USGS Open-File Report
					2009–1165</comments>
				<lat>19.42</lat>
				<lon>-155.27</lon>
				<elev>1240.00</elev>
				<startTime>1998-05-01 12:00:00</startTime>
				<endTime>9999-01-01 00:00:00</endTime>
				<diffUTC>0</diffUTC>
				<SeismicInstrument code="UWB_DB3C">
					<name>Near-surface seismometer digital broadband 3-component</name>
					<comments>Site:Uwekahuna Bluff</comments>
					<startTime>1998-05-01 12:00:00</startTime>
					<endTime>9999-01-01 00:00:00</endTime>
				</SeismicInstrument>
			</SeismicStation>
			<SeismicStation code="WRM" owner1="USGS" owner2="HVO"
				pubDate="2008-01-01 00:00:00">
				<name>West Rim</name>
				<description>Sensor:digital broadband 3 component,Archive:HVO
				</description>
				<comments>Ref: Guffanti et al., 2010, Volcano- monitoring
					instrumentation in the United States, 2008: USGS Open-File Report
					2009–1165</comments>
				<lat>19.40</lat>
				<lon>-155.29</lon>
				<elev>1164.00</elev>
				<startTime>1998-05-01 12:00:00</startTime>
				<endTime>9999-01-01 00:00:00</endTime>
				<diffUTC>0</diffUTC>
				<SeismicInstrument code="WRM_DB3C">
					<name>Near-surface seismometer digital broadband 3-component</name>
					<comments>Site:West Rim</comments>
					<startTime>1998-05-01 12:00:00</startTime>
					<endTime>9999-01-01 00:00:00</endTime>
				</SeismicInstrument>
			</SeismicStation>
			<SeismicStation code="2807" owner1="USGS" owner2="HVO"
				pubDate="2008-01-01 00:00:00">
				<name>Kahului Fire Station </name>
				<description>Sensor:K2 - EpiSen,Archive:USGS-NSMP</description>
				<comments>Ref: Guffanti et al., 2010, Volcano- monitoring
					instrumentation in the United States, 2008: USGS Open-File Report
					2009–1165</comments>
				<lat>20.87</lat>
				<lon>-156.45</lon>
				<elev>6.50</elev>
				<startTime>1973-10-12 12:00:00</startTime>
				<endTime>9999-01-01 00:00:00</endTime>
				<diffUTC>0</diffUTC>
				<SeismicInstrument code="2807_DSM3CA">
					<name>Near-surface seismometer digital strong-motion 3-component
						accelerometer </name>
					<comments>Site:Kahului Fire Station </comments>
					<startTime>1973-10-12 12:00:00</startTime>
					<endTime>9999-01-01 00:00:00</endTime>
				</SeismicInstrument>
			</SeismicStation>
			<SeismicStation code="2850" owner1="USGS" owner2="HVO"
				pubDate="2008-01-01 00:00:00">
				<name>Lahaina; Fire Station </name>
				<description>Sensor:K2 - EpiSen,Archive:USGS-NSMP</description>
				<comments>Ref: Guffanti et al., 2010, Volcano- monitoring
					instrumentation in the United States, 2008: USGS Open-File Report
					2009–1165</comments>
				<lat>20.90</lat>
				<lon>-156.68</lon>
				<elev>5.60</elev>
				<startTime>2003-02-10 12:00:00</startTime>
				<endTime>9999-01-01 00:00:00</endTime>
				<diffUTC>0</diffUTC>
				<SeismicInstrument code="2850_DSM3CA">
					<name>Near-surface seismometer digital strong-motion 3-component
						accelerometer </name>
					<comments>Site:Lahaina; Fire Station </comments>
					<startTime>2003-02-10 12:00:00</startTime>
					<endTime>9999-01-01 00:00:00</endTime>
				</SeismicInstrument>
			</SeismicStation>
			<SeismicStation code="2840" owner1="USGS" owner2="HVO"
				pubDate="2008-01-01 00:00:00">
				<name>Wailea; Grand Hyatt Hotel </name>
				<description>Sensor:K2 - EpiSen,Archive:USGS-NSMP</description>
				<comments>Ref: Guffanti et al., 2010, Volcano- monitoring
					instrumentation in the United States, 2008: USGS Open-File Report
					2009–1165</comments>
				<lat>20.68</lat>
				<lon>-156.44</lon>
				<elev>19.70</elev>
				<startTime>1993-09-12 12:00:00</startTime>
				<endTime>9999-01-01 00:00:00</endTime>
				<diffUTC>0</diffUTC>
				<SeismicInstrument code="2840_DSM3CA">
					<name>Near-surface seismometer digital strong-motion 3-component
						accelerometer </name>
					<comments>Site:Wailea; Grand Hyatt Hotel </comments>
					<startTime>1993-09-12 12:00:00</startTime>
					<endTime>9999-01-01 00:00:00</endTime>
				</SeismicInstrument>
			</SeismicStation>
			<SeismicStation code="2847" owner1="USGS" owner2="HVO"
				pubDate="2008-01-01 00:00:00">
				<name>Anaehoomalu; Waikoloa Beach Ho</name>
				<description>Sensor:K2 - EpiSen,Archive:USGS-NSMP</description>
				<comments>Ref: Guffanti et al., 2010, Volcano- monitoring
					instrumentation in the United States, 2008: USGS Open-File Report
					2009–1165</comments>
				<lat>19.91</lat>
				<lon>-155.88</lon>
				<elev>1.50</elev>
				<startTime>1994-03-11 12:00:00</startTime>
				<endTime>9999-01-01 00:00:00</endTime>
				<diffUTC>0</diffUTC>
				<SeismicInstrument code="2847_DSM3CA">
					<name>Near-surface seismometer digital strong-motion 3-component
						accelerometer </name>
					<comments>Site:Anaehoomalu; Waikoloa Beach Hotel </comments>
					<startTime>1994-03-11 12:00:00</startTime>
					<endTime>9999-01-01 00:00:00</endTime>
				</SeismicInstrument>
			</SeismicStation>
			<SeismicStation code="2810" owner1="USGS" owner2="HVO"
				pubDate="2008-01-01 00:00:00">
				<name>Kailua-Kona Fire Station </name>
				<description>Sensor:Etna - EpiSen,Archive:USGS-NSMP</description>
				<comments>Ref: Guffanti et al., 2010, Volcano- monitoring
					instrumentation in the United States, 2008: USGS Open-File Report
					2009–1165</comments>
				<lat>19.64</lat>
				<lon>-155.99</lon>
				<elev>63.50</elev>
				<startTime>1973-10-17 12:00:00</startTime>
				<endTime>9999-01-01 00:00:00</endTime>
				<diffUTC>0</diffUTC>
				<SeismicInstrument code="2810_DSM3CA">
					<name>Near-surface seismometer digital strong-motion 3-component
						accelerometer </name>
					<comments>Site:Kailua-Kona Fire Station </comments>
					<startTime>1973-10-17 12:00:00</startTime>
					<endTime>9999-01-01 00:00:00</endTime>
				</SeismicInstrument>
			</SeismicStation>
			<SeismicStation code="2852" owner1="USGS" owner2="HVO"
				pubDate="2008-01-01 00:00:00">
				<name>Kamuela; South Kohala FS </name>
				<description>Sensor:K2 - EpiSen,Archive:USGS-NSMP</description>
				<comments>Ref: Guffanti et al., 2010, Volcano- monitoring
					instrumentation in the United States, 2008: USGS Open-File Report
					2009–1165</comments>
				<lat>19.94</lat>
				<lon>-155.83</lon>
				<elev>32.90</elev>
				<startTime>2006-10-24 12:00:00</startTime>
				<endTime>9999-01-01 00:00:00</endTime>
				<diffUTC>0</diffUTC>
				<SeismicInstrument code="2852_DSM3CA">
					<name>Near-surface seismometer digital strong-motion 3-component
						accelerometer </name>
					<comments>Site:Kamuela; South Kohala FS </comments>
					<startTime>2006-10-24 12:00:00</startTime>
					<endTime>9999-01-01 00:00:00</endTime>
				</SeismicInstrument>
			</SeismicStation>
			<SeismicStation code="2849" owner1="USGS" owner2="HVO"
				pubDate="2008-01-01 00:00:00">
				<name>Kealakekua; Kona Hospital </name>
				<description>Sensor:K2 - EpiSen,Archive:USGS-NSMP</description>
				<comments>Ref: Guffanti et al., 2010, Volcano- monitoring
					instrumentation in the United States, 2008: USGS Open-File Report
					2009–1165</comments>
				<lat>19.52</lat>
				<lon>-155.91</lon>
				<elev>488.70</elev>
				<startTime>2001-12-02 12:00:00</startTime>
				<endTime>9999-01-01 00:00:00</endTime>
				<diffUTC>0</diffUTC>
				<SeismicInstrument code="2849_DSM3CA">
					<name>Near-surface seismometer digital strong-motion 3-component
						accelerometer </name>
					<comments>Site:Kealakekua; Kona Hospital </comments>
					<startTime>2001-12-02 12:00:00</startTime>
					<endTime>9999-01-01 00:00:00</endTime>
				</SeismicInstrument>
			</SeismicStation>
			<SeismicStation code="2838" owner1="USGS" owner2="HVO"
				pubDate="2008-01-01 00:00:00">
				<name>Hilo; Bank of Hawaii </name>
				<description>Sensor:K2 - FBA-11,Archive:USGS-NSMP</description>
				<comments>Ref: Guffanti et al., 2010, Volcano- monitoring
					instrumentation in the United States, 2008: USGS Open-File Report
					2009–1165</comments>
				<lat>19.72</lat>
				<lon>-155.08</lon>
				<elev>4.00</elev>
				<startTime>1993-02-22 12:00:00</startTime>
				<endTime>9999-01-01 00:00:00</endTime>
				<diffUTC>0</diffUTC>
				<SeismicInstrument code="2838_DSM3CA">
					<name>Near-surface seismometer digital strong-motion 3-component
						accelerometer </name>
					<comments>Site:Hilo; Bank of Hawaii </comments>
					<startTime>1993-02-22 12:00:00</startTime>
					<endTime>9999-01-01 00:00:00</endTime>
				</SeismicInstrument>
			</SeismicStation>
			<SeismicStation code="2853" owner1="USGS" owner2="HVO"
				pubDate="2008-01-01 00:00:00">
				<name>Hilo; NWS Data Collecting Offi</name>
				<description>Sensor:K2 - EpiSen,Archive:USGS-NSMP</description>
				<comments>Ref: Guffanti et al., 2010, Volcano- monitoring
					instrumentation in the United States, 2008: USGS Open-File Report
					2009–1165</comments>
				<lat>19.71</lat>
				<lon>-155.04</lon>
				<elev>10.00</elev>
				<startTime>2007-05-22 12:00:00</startTime>
				<endTime>9999-01-01 00:00:00</endTime>
				<diffUTC>0</diffUTC>
				<SeismicInstrument code="2853_DSM3CA">
					<name>Near-surface seismometer digital strong-motion 3-component
						accelerometer </name>
					<comments>Site:Hilo; NWS Data Collecting Office </comments>
					<startTime>2007-05-22 12:00:00</startTime>
					<endTime>9999-01-01 00:00:00</endTime>
				</SeismicInstrument>
			</SeismicStation>
			<SeismicStation code="2839" owner1="USGS" owner2="HVO"
				pubDate="2008-01-01 00:00:00">
				<name>Hilo; Old Hospital </name>
				<description>Sensor:K2 - EpiSen,Archive:USGS-NSMP</description>
				<comments>Ref: Guffanti et al., 2010, Volcano- monitoring
					instrumentation in the United States, 2008: USGS Open-File Report
					2009–1165</comments>
				<lat>19.71</lat>
				<lon>-155.11</lon>
				<elev>143.90</elev>
				<startTime>1993-02-19 12:00:00</startTime>
				<endTime>9999-01-01 00:00:00</endTime>
				<diffUTC>0</diffUTC>
				<SeismicInstrument code="2839_DSM3CA">
					<name>Near-surface seismometer digital strong-motion 3-component
						accelerometer </name>
					<comments>Site:Hilo; Old Hospital </comments>
					<startTime>1993-02-19 12:00:00</startTime>
					<endTime>9999-01-01 00:00:00</endTime>
				</SeismicInstrument>
			</SeismicStation>
			<SeismicStation code="2817" owner1="USGS" owner2="HVO"
				pubDate="2008-01-01 00:00:00">
				<name>Hilo; University of Hawaii </name>
				<description>Sensor:Etna - EpiSen,Archive:USGS-NSMP</description>
				<comments>Ref: Guffanti et al., 2010, Volcano- monitoring
					instrumentation in the United States, 2008: USGS Open-File Report
					2009–1165</comments>
				<lat>19.70</lat>
				<lon>-155.08</lon>
				<elev>35.90</elev>
				<startTime>1974-10-30 12:00:00</startTime>
				<endTime>9999-01-01 00:00:00</endTime>
				<diffUTC>0</diffUTC>
				<SeismicInstrument code="2817_DSM3CA">
					<name>Near-surface seismometer digital strong-motion 3-component
						accelerometer </name>
					<comments>Site:Hilo; University of Hawaii </comments>
					<startTime>1974-10-30 12:00:00</startTime>
					<endTime>9999-01-01 00:00:00</endTime>
				</SeismicInstrument>
			</SeismicStation>
			<SeismicStation code="2818" owner1="USGS" owner2="HVO"
				pubDate="2008-01-01 00:00:00">
				<name>Hilo; USDA Laboratory </name>
				<description>Sensor:K2 - EpiSen,Archive:USGS-NSMP</description>
				<comments>Ref: Guffanti et al., 2010, Volcano- monitoring
					instrumentation in the United States, 2008: USGS Open-File Report
					2009–1165</comments>
				<lat>19.72</lat>
				<lon>-155.09</lon>
				<elev>63.60</elev>
				<startTime>1977-06-09 12:00:00</startTime>
				<endTime>9999-01-01 00:00:00</endTime>
				<diffUTC>0</diffUTC>
				<SeismicInstrument code="2818_DSM3CA">
					<name>Near-surface seismometer digital strong-motion 3-component
						accelerometer </name>
					<comments>Site:Hilo; USDA Laboratory </comments>
					<startTime>1977-06-09 12:00:00</startTime>
					<endTime>9999-01-01 00:00:00</endTime>
				</SeismicInstrument>
			</SeismicStation>
			<SeismicStation code="2846" owner1="USGS" owner2="HVO"
				pubDate="2008-01-01 00:00:00">
				<name>Mtn View; Post Office </name>
				<description>Sensor:K2 - EpiSen,Archive:USGS-NSMP</description>
				<comments>Ref: Guffanti et al., 2010, Volcano- monitoring
					instrumentation in the United States, 2008: USGS Open-File Report
					2009–1165</comments>
				<lat>19.54</lat>
				<lon>-155.10</lon>
				<elev>445.50</elev>
				<startTime>1994-03-15 12:00:00</startTime>
				<endTime>9999-01-01 00:00:00</endTime>
				<diffUTC>0</diffUTC>
				<SeismicInstrument code="2846_DSM3CA">
					<name>Near-surface seismometer digital strong-motion 3-component
						accelerometer </name>
					<comments>Site:Mtn View; Post Office </comments>
					<startTime>1994-03-15 12:00:00</startTime>
					<endTime>9999-01-01 00:00:00</endTime>
				</SeismicInstrument>
			</SeismicStation>
			<SeismicStation code="2812" owner1="USGS" owner2="HVO"
				pubDate="2008-01-01 00:00:00">
				<name>Pahala; Ka'u Hospital </name>
				<description>Sensor:K2 - EpiSen,Archive:USGS-NSMP</description>
				<comments>Ref: Guffanti et al., 2010, Volcano- monitoring
					instrumentation in the United States, 2008: USGS Open-File Report
					2009–1165</comments>
				<lat>19.19</lat>
				<lon>-155.47</lon>
				<elev>249.30</elev>
				<startTime>1976-09-08 12:00:00</startTime>
				<endTime>9999-01-01 00:00:00</endTime>
				<diffUTC>0</diffUTC>
				<SeismicInstrument code="2812_DSM3CA">
					<name>Near-surface seismometer digital strong-motion 3-component
						accelerometer </name>
					<comments>Site:Pahala; Ka'u Hospital </comments>
					<startTime>1976-09-08 12:00:00</startTime>
					<endTime>9999-01-01 00:00:00</endTime>
				</SeismicInstrument>
			</SeismicStation>
			<SeismicStation code="2816" owner1="USGS" owner2="HVO"
				pubDate="2008-01-01 00:00:00">
				<name>Pahoa; Fire Station </name>
				<description>Sensor:Etna - EpiSen,Archive:USGS-NSMP</description>
				<comments>Ref: Guffanti et al., 2010, Volcano- monitoring
					instrumentation in the United States, 2008: USGS Open-File Report
					2009–1165</comments>
				<lat>19.49</lat>
				<lon>-154.94</lon>
				<elev>197.80</elev>
				<startTime>1977-06-07 12:00:00</startTime>
				<endTime>9999-01-01 00:00:00</endTime>
				<diffUTC>0</diffUTC>
				<SeismicInstrument code="2816_DSM3CA">
					<name>Near-surface seismometer digital strong-motion 3-component
						accelerometer </name>
					<comments>Site:Pahoa; Fire Station </comments>
					<startTime>1977-06-07 12:00:00</startTime>
					<endTime>9999-01-01 00:00:00</endTime>
				</SeismicInstrument>
			</SeismicStation>
			<SeismicStation code="2836" owner1="USGS" owner2="HVO"
				pubDate="2008-01-01 00:00:00">
				<name>Volcano Nat'l Park HVO</name>
				<description>Sensor:Etna - EpiSen,Archive:USGS-NSMP</description>
				<comments>Ref: Guffanti et al., 2010, Volcano- monitoring
					instrumentation in the United States, 2008: USGS Open-File Report
					2009–1165</comments>
				<lat>19.42</lat>
				<lon>-155.28</lon>
				<elev>1239.00</elev>
				<startTime>1976-09-05 12:00:00</startTime>
				<endTime>9999-01-01 00:00:00</endTime>
				<diffUTC>0</diffUTC>
				<SeismicInstrument code="2836_DSM3CA">
					<name>Near-surface seismometer digital strong-motion 3-component
						accelerometer </name>
					<comments>Site:Volcano Nat'l Park HVO</comments>
					<startTime>1976-09-05 12:00:00</startTime>
					<endTime>9999-01-01 00:00:00</endTime>
				</SeismicInstrument>
			</SeismicStation>
			<SeismicStation code="2832" owner1="USGS" owner2="HVO"
				pubDate="2008-01-01 00:00:00">
				<name>Honokaa; Police Station </name>
				<description>Sensor:K2 - EpiSen,Archive:USGS-NSMP</description>
				<comments>Ref: Guffanti et al., 2010, Volcano- monitoring
					instrumentation in the United States, 2008: USGS Open-File Report
					2009–1165</comments>
				<lat>20.07</lat>
				<lon>-155.46</lon>
				<elev>342.80</elev>
				<startTime>1985-01-25 12:00:00</startTime>
				<endTime>9999-01-01 00:00:00</endTime>
				<diffUTC>0</diffUTC>
				<SeismicInstrument code="2832_DSM3CA">
					<name>Near-surface seismometer digital strong-motion 3-component
						accelerometer </name>
					<comments>Site:Honokaa; Police Station </comments>
					<startTime>1985-01-25 12:00:00</startTime>
					<endTime>9999-01-01 00:00:00</endTime>
				</SeismicInstrument>
			</SeismicStation>
			<SeismicStation code="2826" owner1="USGS" owner2="HVO"
				pubDate="2008-01-01 00:00:00">
				<name>Kohala; Kapaau Police Station </name>
				<description>Sensor:K2 - EpiSen,Archive:USGS-NSMP</description>
				<comments>Ref: Guffanti et al., 2010, Volcano- monitoring
					instrumentation in the United States, 2008: USGS Open-File Report
					2009–1165</comments>
				<lat>20.22</lat>
				<lon>-155.79</lon>
				<elev>150.00</elev>
				<startTime>1979-08-02 12:00:00</startTime>
				<endTime>9999-01-01 00:00:00</endTime>
				<diffUTC>0</diffUTC>
				<SeismicInstrument code="2826_DSM3CA">
					<name>Near-surface seismometer digital strong-motion 3-component
						accelerometer </name>
					<comments>Site:Kohala; Kapaau Police Station </comments>
					<startTime>1979-08-02 12:00:00</startTime>
					<endTime>9999-01-01 00:00:00</endTime>
				</SeismicInstrument>
			</SeismicStation>
			<SeismicStation code="2833" owner1="USGS" owner2="HVO"
				pubDate="2008-01-01 00:00:00">
				<name>Laupahoehoe; Post Office </name>
				<description>Sensor:K2 - EpiSen,Archive:USGS-NSMP</description>
				<comments>Ref: Guffanti et al., 2010, Volcano- monitoring
					instrumentation in the United States, 2008: USGS Open-File Report
					2009–1165</comments>
				<lat>19.98</lat>
				<lon>-155.23</lon>
				<elev>132.20</elev>
				<startTime>1985-11-18 12:00:00</startTime>
				<endTime>9999-01-01 00:00:00</endTime>
				<diffUTC>0</diffUTC>
				<SeismicInstrument code="2833_DSM3CA">
					<name>Near-surface seismometer digital strong-motion 3-component
						accelerometer </name>
					<comments>Site:Laupahoehoe; Post Office </comments>
					<startTime>1985-11-18 12:00:00</startTime>
					<endTime>9999-01-01 00:00:00</endTime>
				</SeismicInstrument>
			</SeismicStation>
			<SeismicStation code="2829" owner1="USGS" owner2="HVO"
				pubDate="2008-01-01 00:00:00">
				<name>Mauna Kea State Park </name>
				<description>Sensor:K2 - EpiSen,Archive:USGS-NSMP</description>
				<comments>Ref: Guffanti et al., 2010, Volcano- monitoring
					instrumentation in the United States, 2008: USGS Open-File Report
					2009–1165</comments>
				<lat>19.74</lat>
				<lon>-155.52</lon>
				<elev>1977.00</elev>
				<startTime>1980-10-06 12:00:00</startTime>
				<endTime>9999-01-01 00:00:00</endTime>
				<diffUTC>0</diffUTC>
				<SeismicInstrument code="2829_DSM3CA">
					<name>Near-surface seismometer digital strong-motion 3-component
						accelerometer </name>
					<comments>Site:Mauna Kea State Park </comments>
					<startTime>1980-10-06 12:00:00</startTime>
					<endTime>9999-01-01 00:00:00</endTime>
				</SeismicInstrument>
			</SeismicStation>
			<SeismicStation code="2830" owner1="USGS" owner2="HVO"
				pubDate="2008-01-01 00:00:00">
				<name>Mauna Kea Summit </name>
				<description>Sensor:Etna - EpiSen,Archive:USGS-NSMP</description>
				<comments>Ref: Guffanti et al., 2010, Volcano- monitoring
					instrumentation in the United States, 2008: USGS Open-File Report
					2009–1165</comments>
				<lat>19.82</lat>
				<lon>-155.47</lon>
				<elev>4177.00</elev>
				<startTime>1985-01-23 12:00:00</startTime>
				<endTime>9999-01-01 00:00:00</endTime>
				<diffUTC>0</diffUTC>
				<SeismicInstrument code="2830_DSM3CA">
					<name>Near-surface seismometer digital strong-motion 3-component
						accelerometer </name>
					<comments>Site:Mauna Kea Summit </comments>
					<startTime>1985-01-23 12:00:00</startTime>
					<endTime>9999-01-01 00:00:00</endTime>
				</SeismicInstrument>
			</SeismicStation>
			<SeismicStation code="2825" owner1="USGS" owner2="HVO"
				pubDate="2008-01-01 00:00:00">
				<name>Waimea; Fire Station </name>
				<description>Sensor:K2 - EpiSen,Archive:USGS-NSMP</description>
				<comments>Ref: Guffanti et al., 2010, Volcano- monitoring
					instrumentation in the United States, 2008: USGS Open-File Report
					2009–1165</comments>
				<lat>20.02</lat>
				<lon>-155.66</lon>
				<elev>836.50</elev>
				<startTime>1979-08-01 12:00:00</startTime>
				<endTime>9999-01-01 00:00:00</endTime>
				<diffUTC>0</diffUTC>
				<SeismicInstrument code="2825_DSM3CA">
					<name>Near-surface seismometer digital strong-motion 3-component
						accelerometer </name>
					<comments>Site:Waimea; Fire Station </comments>
					<startTime>1979-08-01 12:00:00</startTime>
					<endTime>9999-01-01 00:00:00</endTime>
				</SeismicInstrument>
			</SeismicStation>
			<SeismicStation code="2845" owner1="USGS" owner2="HVO"
				pubDate="2008-01-01 00:00:00">
				<name>Honaunau; Post Office </name>
				<description>Sensor:K2 - EpiSen,Archive:USGS-NSMP</description>
				<comments>Ref: Guffanti et al., 2010, Volcano- monitoring
					instrumentation in the United States, 2008: USGS Open-File Report
					2009–1165</comments>
				<lat>19.41</lat>
				<lon>-155.88</lon>
				<elev>289.80</elev>
				<startTime>1994-03-10 12:00:00</startTime>
				<endTime>9999-01-01 00:00:00</endTime>
				<diffUTC>0</diffUTC>
				<SeismicInstrument code="2845_DSM3CA">
					<name>Near-surface seismometer digital strong-motion 3-component
						accelerometer </name>
					<comments>Site:Honaunau; Post Office </comments>
					<startTime>1994-03-10 12:00:00</startTime>
					<endTime>9999-01-01 00:00:00</endTime>
				</SeismicInstrument>
			</SeismicStation>
			<SeismicStation code="2834" owner1="USGS" owner2="HVO"
				pubDate="2008-01-01 00:00:00">
				<name>Honomalino; Mac Farms </name>
				<description>Sensor:K2 - EpiSen,Archive:USGS-NSMP</description>
				<comments>Ref: Guffanti et al., 2010, Volcano- monitoring
					instrumentation in the United States, 2008: USGS Open-File Report
					2009–1165</comments>
				<lat>19.16</lat>
				<lon>-155.86</lon>
				<elev>483.00</elev>
				<startTime>1986-03-06 12:00:00</startTime>
				<endTime>9999-01-01 00:00:00</endTime>
				<diffUTC>0</diffUTC>
				<SeismicInstrument code="2834_DSM3CA">
					<name>Near-surface seismometer digital strong-motion 3-component
						accelerometer </name>
					<comments>Site:Honomalino; Mac Farms </comments>
					<startTime>1986-03-06 12:00:00</startTime>
					<endTime>9999-01-01 00:00:00</endTime>
				</SeismicInstrument>
			</SeismicStation>
			<SeismicStation code="MLO" owner1="USGS" owner2="HVO"
				pubDate="2008-01-01 00:00:00">
				<name>Mauna Loa Observatory</name>
				<description>Sensor:K2 - EpiSen,Archive:HVO</description>
				<comments>Ref: Guffanti et al., 2010, Volcano- monitoring
					instrumentation in the United States, 2008: USGS Open-File Report
					2009–1165</comments>
				<lat>19.49</lat>
				<lon>-155.38</lon>
				<elev>2010.00</elev>
				<startTime>1985-11-04 12:00:00</startTime>
				<endTime>9999-01-01 00:00:00</endTime>
				<diffUTC>0</diffUTC>
				<SeismicInstrument code="MLO_DSM3CA">
					<name>Near-surface seismometer digital strong-motion 3-component
						accelerometer </name>
					<comments>Site:Mauna Loa Observatory</comments>
					<startTime>1985-11-04 12:00:00</startTime>
					<endTime>9999-01-01 00:00:00</endTime>
				</SeismicInstrument>
			</SeismicStation>
			<SeismicStation code="2824" owner1="USGS" owner2="HVO"
				pubDate="2008-01-01 00:00:00">
				<name>Mauna Loa; Weather Observatory</name>
				<description>Sensor:K2 - EpiSen,Archive:USGS-NSMP</description>
				<comments>Ref: Guffanti et al., 2010, Volcano- monitoring
					instrumentation in the United States, 2008: USGS Open-File Report
					2009–1165</comments>
				<lat>19.53</lat>
				<lon>-155.57</lon>
				<elev>3395.00</elev>
				<startTime>1979-08-02 12:00:00</startTime>
				<endTime>9999-01-01 00:00:00</endTime>
				<diffUTC>0</diffUTC>
				<SeismicInstrument code="2824_DSM3CA">
					<name>Near-surface seismometer digital strong-motion 3-component
						accelerometer </name>
					<comments>Site:Mauna Loa; Weather Observatory</comments>
					<startTime>1979-08-02 12:00:00</startTime>
					<endTime>9999-01-01 00:00:00</endTime>
				</SeismicInstrument>
			</SeismicStation>
			<SeismicStation code="2822" owner1="USGS" owner2="HVO"
				pubDate="2008-01-01 00:00:00">
				<name>Waiohinu; Ka'u Baseyard </name>
				<description>Sensor:K2 - EpiSen,Archive:USGS-NSMP</description>
				<comments>Ref: Guffanti et al., 2010, Volcano- monitoring
					instrumentation in the United States, 2008: USGS Open-File Report
					2009–1165</comments>
				<lat>19.06</lat>
				<lon>-155.61</lon>
				<elev>323.00</elev>
				<startTime>1978-09-01 12:00:00</startTime>
				<endTime>9999-01-01 00:00:00</endTime>
				<diffUTC>0</diffUTC>
				<SeismicInstrument code="2822_DSM3CA">
					<name>Near-surface seismometer digital strong-motion 3-component
						accelerometer </name>
					<comments>Site:Waiohinu; Ka'u Baseyard </comments>
					<startTime>1978-09-01 12:00:00</startTime>
					<endTime>9999-01-01 00:00:00</endTime>
				</SeismicInstrument>
			</SeismicStation>
			<SeismicStation code="POH" owner1="USGS" owner2="HVO"
				pubDate="2008-01-01 00:00:00">
				<name>Pohakuloa</name>
				<description>Sensor:KS54000,Archive:IRIS</description>
				<comments>Ref: Guffanti et al., 2010, Volcano- monitoring
					instrumentation in the United States, 2008: USGS Open-File Report
					2009–1165</comments>
				<lat>19.75</lat>
				<lon>-155.52</lon>
				<elev>1967.00</elev>
				<startTime>1999-11-13 12:00:00</startTime>
				<endTime>9999-01-01 00:00:00</endTime>
				<diffUTC>0</diffUTC>
				<SeismicInstrument code="POH_BSPMC">
					<name>Borehole seismometer short-period multi-component </name>
					<comments>Site:Pohakuloa</comments>
					<startTime>1999-11-13 12:00:00</startTime>
					<endTime>9999-01-01 00:00:00</endTime>
				</SeismicInstrument>
			</SeismicStation>
		</SeismicNetwork>
	</MonitoringSystems>
</wovoml>