<?xml version="1.0" encoding="UTF-8" standalone="no"?>
<wovoml xmlns="http://www.wovodat.org" xmlns:xsi="http://www.w3.org/2001/XMLSchema-instance"
	pubDate="2008-01-01 00:00:00" version="1.1.0"
	xsi:schemaLocation="http://www.wovodat.org/WOVOdatV1.xsd">
	<MonitoringSystems owner1="USACE" pubDate="2008-01-01 00:00:00">
		<SeismicNetwork code="USACE-VMI-Seisnet-CVO" owner1="USACE"
			owner2="CVO" pubDate="2008-01-01 00:00:00">
			<Volcanoes>
				<volcanoCode>1202-01-</volcanoCode>
				<volcanoCode>1202-02-</volcanoCode>
				<volcanoCode>1201-05-</volcanoCode>
				<volcanoCode>1201-03-</volcanoCode>
				<volcanoCode>1202-08-</volcanoCode>
			</Volcanoes>
			<name>USACE VMI Seismic Network CVO</name>
			<description>Ref: Guffanti et al., 2010, Volcano- monitoring
				instrumentation in the United States, 2008: USGS Open-File Report
				2009–1165</description>
			<numberOfSeismo>22</numberOfSeismo>
			<numberOfBBSeismo>0</numberOfBBSeismo>
			<numberOfSMPSeismo>0</numberOfSMPSeismo>
			<numberOfDigiSeismo>22</numberOfDigiSeismo>
			<numberOfAnaSeismo>0</numberOfAnaSeismo>
			<numberOf3CompSeismo>22</numberOf3CompSeismo>
			<numberOfMicro>0</numberOfMicro>
			<startTime>1973-04-18 12:00:00</startTime>
			<endTime>9999-01-01 00:00:00</endTime>
			<diffUTC>0</diffUTC>
			<SeismicStation code="2190" owner1="USACE" owner2="CVO"
				pubDate="2008-01-01 00:00:00">
				<name>Bonneville Dam 3rd sublevel, o</name>
				<description>Sensor:Etna Strong Motion
					Accelerograph,Archive:USGS-NSMP</description>
				<comments>Ref: Guffanti et al., 2010, Volcano- monitoring
					instrumentation in the United States, 2008: USGS Open-File Report
					2009–1165</comments>
				<lat>45.6473</lat>
				<lon>-121.9384</lon>
				<elev>23.58</elev>
				<startTime>1983-03-16 12:00:00</startTime>
				<endTime>9999-01-01 00:00:00</endTime>
				<diffUTC>0</diffUTC>
				<SeismicInstrument code="2190_DSM3CA">
					<name>Near-surface seismometer digital strong-motion 3-component
						accelerometer </name>
					<comments>Site:Bonneville Dam 3rd sublevel, oil storage room
						(powerhouse 2)</comments>
					<startTime>2006-09-21 12:00:00</startTime>
					<endTime>9999-01-01 00:00:00</endTime>
				</SeismicInstrument>
				<SeismicInstrument code="2190_DSM3CA1">
					<name>Near-surface seismometer digital strong-motion 3-component
						accelerometer </name>
					<comments>Site:Bonneville Dam Left Abutment </comments>
					<startTime>1996-08-13 12:00:00</startTime>
					<endTime>9999-01-01 00:00:00</endTime>
				</SeismicInstrument>
				<SeismicInstrument code="2190_DSM3CA2">
					<name>Near-surface seismometer digital strong-motion 3-component
						accelerometer </name>
					<comments>Site:Bonneville Dam Lower Gallery, Powerhouse 2 (new)
					</comments>
					<startTime>1983-03-16 12:00:00</startTime>
					<endTime>9999-01-01 00:00:00</endTime>
				</SeismicInstrument>
				<SeismicInstrument code="2190_DSM3CA3">
					<name>Near-surface seismometer digital strong-motion 3-component
						accelerometer </name>
					<comments>Site:Bonneville Dam Lower Gallery, Powerhouse 2 (old)
					</comments>
					<startTime>1987-02-10 12:00:00</startTime>
					<endTime>9999-01-01 00:00:00</endTime>
				</SeismicInstrument>
				<SeismicInstrument code="2190_DSM3CA4">
					<name>Near-surface seismometer digital strong-motion 3-component
						accelerometer </name>
					<comments>Site:Bonneville Dam Spillway, Lower Gallery</comments>
					<startTime>1984-02-21 12:00:00</startTime>
					<endTime>9999-01-01 00:00:00</endTime>
				</SeismicInstrument>
				<SeismicInstrument code="2190_DSM3CA5">
					<name>Near-surface seismometer digital strong-motion 3-component
						accelerometer </name>
					<comments>Site:Bonneville Dam Upper Gallery, Powerhouse 2 (new)
					</comments>
					<startTime>1983-03-16 12:00:00</startTime>
					<endTime>9999-01-01 00:00:00</endTime>
				</SeismicInstrument>
				<SeismicInstrument code="2190_DSM3CA6">
					<name>Near-surface seismometer digital strong-motion 3-component
						accelerometer </name>
					<comments>Site:Bonneville Dam Upper Gallery, Powerhouse 2 (old)
					</comments>
					<startTime>1987-02-10 12:00:00</startTime>
					<endTime>9999-01-01 00:00:00</endTime>
				</SeismicInstrument>
			</SeismicStation>
			<SeismicStation code="2133" owner1="USACE" owner2="CVO"
				pubDate="2008-01-01 00:00:00">
				<name>Detroit Dam Downstream </name>
				<description>Sensor:SMA1 ,Archive:USGS-NSMP</description>
				<comments>Ref: Guffanti et al., 2010, Volcano- monitoring
					instrumentation in the United States, 2008: USGS Open-File Report
					2009–1165</comments>
				<lat>44.7257</lat>
				<lon>-122.2550</lon>
				<elev>382.24</elev>
				<startTime>1973-04-18 12:00:00</startTime>
				<endTime>9999-01-01 00:00:00</endTime>
				<diffUTC>0</diffUTC>
				<SeismicInstrument code="2133_DSM3CA">
					<name>Near-surface seismometer digital strong-motion 3-component
						accelerometer </name>
					<comments>Site:Detroit Dam Downstream </comments>
					<startTime>1973-04-18 12:00:00</startTime>
					<endTime>9999-01-01 00:00:00</endTime>
				</SeismicInstrument>
				<SeismicInstrument code="2133_DSM3CA1">
					<name>Near-surface seismometer digital strong-motion 3-component
						accelerometer </name>
					<comments>Site:Detroit Dam Lower Gallery </comments>
					<startTime>1973-04-18 12:00:00</startTime>
					<endTime>9999-01-01 00:00:00</endTime>
				</SeismicInstrument>
				<SeismicInstrument code="2133_DSM3CA2">
					<name>Near-surface seismometer digital strong-motion 3-component
						accelerometer </name>
					<comments>Site:Detroit Dam Upper Gallery </comments>
					<startTime>1973-04-18 12:00:00</startTime>
					<endTime>9999-01-01 00:00:00</endTime>
				</SeismicInstrument>
			</SeismicStation>
			<SeismicStation code="7007" owner1="USACE" owner2="CVO"
				pubDate="2008-01-01 00:00:00">
				<name>Toutle River Dam Crest</name>
				<description>Sensor:SMA1 ,Archive:USGS-NSMP</description>
				<comments>Ref: Guffanti et al., 2010, Volcano- monitoring
					instrumentation in the United States, 2008: USGS Open-File Report
					2009–1165</comments>
				<lat>46.3618</lat>
				<lon>-122.5523</lon>
				<elev>251.56</elev>
				<startTime>1990-04-18 12:00:00</startTime>
				<endTime>9999-01-01 00:00:00</endTime>
				<diffUTC>0</diffUTC>
				<SeismicInstrument code="7007_DSM3CA">
					<name>Near-surface seismometer digital strong-motion 3-component
						accelerometer </name>
					<comments>Site:Toutle River Dam Crest</comments>
					<startTime>1990-04-18 12:00:00</startTime>
					<endTime>9999-01-01 00:00:00</endTime>
				</SeismicInstrument>
				<SeismicInstrument code="7007_DSM3CA1">
					<name>Near-surface seismometer digital strong-motion 3-component
						accelerometer </name>
					<comments>Site:Toutle River Dam Downstream</comments>
					<startTime>1990-04-18 12:00:00</startTime>
					<endTime>9999-01-01 00:00:00</endTime>
				</SeismicInstrument>
				<SeismicInstrument code="7007_DSM3CA2">
					<name>Near-surface seismometer digital strong-motion 3-component
						accelerometer </name>
					<comments>Site:Toutle River Dam Downstream (left abutment)
					</comments>
					<startTime>1990-04-18 12:00:00</startTime>
					<endTime>9999-01-01 00:00:00</endTime>
				</SeismicInstrument>
				<SeismicInstrument code="7007_DSM3CA3">
					<name>Near-surface seismometer digital strong-motion 3-component
						accelerometer </name>
					<comments>Site:Toutle River Dam Left abutment</comments>
					<startTime>1990-04-18 12:00:00</startTime>
					<endTime>9999-01-01 00:00:00</endTime>
				</SeismicInstrument>
				<SeismicInstrument code="7007_DSM3CA4">
					<name>Near-surface seismometer digital strong-motion 3-component
						accelerometer </name>
					<comments>Site:Toutle River Dam Mid-Dam</comments>
					<startTime>1990-04-18 12:00:00</startTime>
					<endTime>9999-01-01 00:00:00</endTime>
				</SeismicInstrument>
			</SeismicStation>
			<SeismicStation code="2164" owner1="USACE" owner2="CVO"
				pubDate="2008-01-01 00:00:00">
				<name>Mud Mountain Dam Toe</name>
				<description>Sensor:Etna Strong Motion
					Accelerograph,Archive:USGS-NSMP</description>
				<comments>Ref: Guffanti et al., 2010, Volcano- monitoring
					instrumentation in the United States, 2008: USGS Open-File Report
					2009–1165</comments>
				<lat>47.1393</lat>
				<lon>-121.9339</lon>
				<elev>376.00</elev>
				<startTime>1974-02-05 12:00:00</startTime>
				<endTime>9999-01-01 00:00:00</endTime>
				<diffUTC>0</diffUTC>
				<SeismicInstrument code="2164_DSM3CA">
					<name>Near-surface seismometer digital strong-motion 3-component
						accelerometer </name>
					<comments>Site:Mud Mountain Dam Toe</comments>
					<startTime>1974-02-05 12:00:00</startTime>
					<endTime>9999-01-01 00:00:00</endTime>
				</SeismicInstrument>
			</SeismicStation>
			<SeismicStation code="2137" owner1="USACE" owner2="CVO"
				pubDate="2008-01-01 00:00:00">
				<name>Cougar Dam Center Crest </name>
				<description>Sensor:SMA1 ,Archive:USGS-NSMP</description>
				<comments>Ref: Guffanti et al., 2010, Volcano- monitoring
					instrumentation in the United States, 2008: USGS Open-File Report
					2009–1165</comments>
				<lat>44.1282</lat>
				<lon>-122.2408</lon>
				<elev>514.80</elev>
				<startTime>1973-04-23 12:00:00</startTime>
				<endTime>9999-01-01 00:00:00</endTime>
				<diffUTC>0</diffUTC>
				<SeismicInstrument code="2137_DSM3CA">
					<name>Near-surface seismometer digital strong-motion 3-component
						accelerometer </name>
					<comments>Site:Cougar Dam Center Crest </comments>
					<startTime>1973-04-23 12:00:00</startTime>
					<endTime>9999-01-01 00:00:00</endTime>
				</SeismicInstrument>
				<SeismicInstrument code="2137_DSM3CA1">
					<name>Near-surface seismometer digital strong-motion 3-component
						accelerometer </name>
					<comments>Site:Cougar Dam Left Abutment </comments>
					<startTime>1973-04-23 12:00:00</startTime>
					<endTime>9999-01-01 00:00:00</endTime>
				</SeismicInstrument>
				<SeismicInstrument code="2137_DSM3CA2">
					<name>Near-surface seismometer digital strong-motion 3-component
						accelerometer </name>
					<comments>Site:Cougar Dam Left Crest </comments>
					<startTime>1973-04-23 12:00:00</startTime>
					<endTime>9999-01-01 00:00:00</endTime>
				</SeismicInstrument>
				<SeismicInstrument code="2137_DSM3CA3">
					<name>Near-surface seismometer digital strong-motion 3-component
						accelerometer </name>
					<comments>Site:Cougar Dam Lower Tower </comments>
					<startTime>1973-04-23 12:00:00</startTime>
					<endTime>9999-01-01 00:00:00</endTime>
				</SeismicInstrument>
				<SeismicInstrument code="2137_DSM3CA4">
					<name>Near-surface seismometer digital strong-motion 3-component
						accelerometer </name>
					<comments>Site:Cougar Dam Toe </comments>
					<startTime>1973-04-23 12:00:00</startTime>
					<endTime>9999-01-01 00:00:00</endTime>
				</SeismicInstrument>
				<SeismicInstrument code="2137_DSM3CA5">
					<name>Near-surface seismometer digital strong-motion 3-component
						accelerometer </name>
					<comments>Site:Cougar Dam Upper Tower </comments>
					<startTime>1973-04-23 12:00:00</startTime>
					<endTime>9999-01-01 00:00:00</endTime>
				</SeismicInstrument>
			</SeismicStation>
		</SeismicNetwork>
	</MonitoringSystems>
</wovoml>