<?xml version="1.0" encoding="UTF-8" standalone="no"?>
<wovoml xmlns="http://www.wovodat.org" xmlns:xsi="http://www.w3.org/2001/XMLSchema-instance"
	pubDate="2008-01-01 00:00:00" version="1.1.0"
	xsi:schemaLocation="http://www.wovodat.org/WOVOdatV1.xsd">
	<MonitoringSystems owner1="NSF" pubDate="2008-01-01 00:00:00">
		<SeismicNetwork code="NSF-VMI-Seisnet-YVO" owner1="NSF"
			owner2="YVO" pubDate="2008-01-01 00:00:00">
			<Volcanoes>
				<volcanoCode>1204-02-</volcanoCode>
				<volcanoCode>1204-04-</volcanoCode>
				<volcanoCode>1204-01-</volcanoCode>
				<volcanoCode>1209-02-</volcanoCode>
				<volcanoCode>1209-01-</volcanoCode>
				<volcanoCode>1204-03-</volcanoCode>
				<volcanoCode>1205-01-</volcanoCode>
			</Volcanoes>
			<name>NSF VMI Seismic Network YVO</name>
			<description>Ref: Guffanti et al., 2010, Volcano- monitoring
				instrumentation in the United States, 2008: USGS Open-File Report
				2009–1165</description>
			<numberOfSeismo>15</numberOfSeismo>
			<numberOfBBSeismo>15</numberOfBBSeismo>
			<numberOfSMPSeismo>6</numberOfSMPSeismo>
			<numberOfDigiSeismo>15</numberOfDigiSeismo>
			<numberOfAnaSeismo>0</numberOfAnaSeismo>
			<numberOf3CompSeismo>15</numberOf3CompSeismo>
			<numberOfMicro>0</numberOfMicro>
			<startTime>2006-09-20 12:00:00</startTime>
			<endTime>9999-01-01 00:00:00</endTime>
			<diffUTC>0</diffUTC>
			<SeismicStation code="J14A" owner1="NSF" owner2="YVO"
				pubDate="2008-01-01 00:00:00">
				<name>Carey, ID</name>
				<description>Sensor:Guralp CMG-3T,Archive:IRIS</description>
				<comments>Ref: Guffanti et al., 2010, Volcano- monitoring
					instrumentation in the United States, 2008: USGS Open-File Report
					2009–1165</comments>
				<lat>43.3000</lat>
				<lon>-113.5000</lon>
				<elev>1649.00</elev>
				<startTime>2007-08-11 12:00:00</startTime>
				<endTime>9999-01-01 00:00:00</endTime>
				<diffUTC>0</diffUTC>
				<SeismicInstrument code="J14A_DB3C">
					<name>Near-surface seismometer digital broadband 3-component</name>
					<comments>Site:Carey, ID</comments>
					<startTime>2007-08-11 12:00:00</startTime>
					<endTime>9999-01-01 00:00:00</endTime>
				</SeismicInstrument>
			</SeismicStation>
			<SeismicStation code="J15A" owner1="NSF" owner2="YVO"
				pubDate="2008-01-01 00:00:00">
				<name>Blackfoot, ID</name>
				<description>Sensor:Guralp CMG-3T,Archive:IRIS</description>
				<comments>Ref: Guffanti et al., 2010, Volcano- monitoring
					instrumentation in the United States, 2008: USGS Open-File Report
					2009–1165</comments>
				<lat>43.4000</lat>
				<lon>-112.4000</lon>
				<elev>1497.00</elev>
				<startTime>2007-08-09 12:00:00</startTime>
				<endTime>9999-01-01 00:00:00</endTime>
				<diffUTC>0</diffUTC>
				<SeismicInstrument code="J15A_DB3C">
					<name>Near-surface seismometer digital broadband 3-component</name>
					<comments>Site:Blackfoot, ID</comments>
					<startTime>2007-08-09 12:00:00</startTime>
					<endTime>9999-01-01 00:00:00</endTime>
				</SeismicInstrument>
			</SeismicStation>
			<SeismicStation code="J13A" owner1="NSF" owner2="YVO"
				pubDate="2008-01-01 00:00:00">
				<name>Cove Ranch, Picado, ID</name>
				<description>Sensor:Guralp CMG-3T,Archive:IRIS</description>
				<comments>Ref: Guffanti et al., 2010, Volcano- monitoring
					instrumentation in the United States, 2008: USGS Open-File Report
					2009–1165</comments>
				<lat>43.4000</lat>
				<lon>-114.2000</lon>
				<elev>1552.00</elev>
				<startTime>2006-12-09 12:00:00</startTime>
				<endTime>9999-01-01 00:00:00</endTime>
				<diffUTC>0</diffUTC>
				<SeismicInstrument code="J13A_DB3C">
					<name>Near-surface seismometer digital broadband 3-component</name>
					<comments>Site:Cove Ranch, Picado, ID</comments>
					<startTime>2006-12-09 12:00:00</startTime>
					<endTime>9999-01-01 00:00:00</endTime>
				</SeismicInstrument>
			</SeismicStation>
			<SeismicStation code="WUAZ" owner1="NSF" owner2="YVO"
				pubDate="2008-01-01 00:00:00">
				<name>Wupatki</name>
				<description>Sensor:Guralp CMG-3T,Archive:IRIS</description>
				<comments>Ref: Guffanti et al., 2010, Volcano- monitoring
					instrumentation in the United States, 2008: USGS Open-File Report
					2009–1165</comments>
				<lat>35.5000</lat>
				<lon>-111.4000</lon>
				<elev>1592.00</elev>
				<startTime>2006-09-20 12:00:00</startTime>
				<endTime>9999-01-01 00:00:00</endTime>
				<diffUTC>0</diffUTC>
				<SeismicInstrument code="WUAZ_DB3C">
					<name>Near-surface seismometer digital broadband 3-component</name>
					<comments>Site:Wupatki</comments>
					<startTime>2006-09-20 12:00:00</startTime>
					<endTime>9999-01-01 00:00:00</endTime>
				</SeismicInstrument>
			</SeismicStation>
			<SeismicStation code="U14A" owner1="NSF" owner2="YVO"
				pubDate="2008-01-01 00:00:00">
				<name>Mt. Trumbull</name>
				<description>Sensor:Streckeisen STS-2,Archive:IRIS</description>
				<comments>Ref: Guffanti et al., 2010, Volcano- monitoring
					instrumentation in the United States, 2008: USGS Open-File Report
					2009–1165</comments>
				<lat>36.4000</lat>
				<lon>-113.2000</lon>
				<elev>1916.00</elev>
				<startTime>2007-02-18 12:00:00</startTime>
				<endTime>2008-11-13 12:00:00</endTime>
				<diffUTC>0</diffUTC>
				<SeismicInstrument code="U14A_DB3C">
					<name>Near-surface seismometer digital broadband 3-component</name>
					<comments>Site:Mt. Trumbull</comments>
					<startTime>2007-02-18 12:00:00</startTime>
					<endTime>2008-11-13 12:00:00</endTime>
				</SeismicInstrument>
			</SeismicStation>
			<SeismicStation code="K14A" owner1="NSF" owner2="YVO"
				pubDate="2008-01-01 00:00:00">
				<name>Jones Ranch, Declo, ID</name>
				<description>Sensor:Guralp CMG-3T,Archive:IRIS</description>
				<comments>Ref: Guffanti et al., 2010, Volcano- monitoring
					instrumentation in the United States, 2008: USGS Open-File Report
					2009–1165</comments>
				<lat>42.5000</lat>
				<lon>-113.2000</lon>
				<elev>1387.00</elev>
				<startTime>2006-12-28 12:00:00</startTime>
				<endTime>2007-10-31 12:00:00</endTime>
				<diffUTC>0</diffUTC>
				<SeismicInstrument code="K14A_DB3C">
					<name>Near-surface seismometer digital broadband 3-component</name>
					<comments>Site:Jones Ranch, Declo, ID</comments>
					<startTime>2006-12-28 12:00:00</startTime>
					<endTime>2007-10-31 12:00:00</endTime>
				</SeismicInstrument>
			</SeismicStation>
			<SeismicStation code="H17A" owner1="NSF" owner2="YVO"
				pubDate="2008-01-01 00:00:00">
				<name>Grant Village</name>
				<description>Sensor:Guralp CMG-3T,Archive:IRIS</description>
				<comments>Ref: Guffanti et al., 2010, Volcano- monitoring
					instrumentation in the United States, 2008: USGS Open-File Report
					2009–1165</comments>
				<lat>44.3992</lat>
				<lon>-110.5800</lon>
				<elev>2400.00</elev>
				<startTime>2007-10-03 12:00:00</startTime>
				<endTime>9999-01-01 00:00:00</endTime>
				<diffUTC>0</diffUTC>
				<SeismicInstrument code="H17A_DB3C">
					<name>Near-surface seismometer digital broadband 3-component</name>
					<comments>Site:Grant Village</comments>
					<startTime>2007-10-03 12:00:00</startTime>
					<endTime>9999-01-01 00:00:00</endTime>
				</SeismicInstrument>
			</SeismicStation>
			<SeismicStation code="I17A" owner1="NSF" owner2="YVO"
				pubDate="2008-01-01 00:00:00">
				<name>Pilgrim Creek</name>
				<description>Sensor:Guralp CMG-3T,Archive:IRIS</description>
				<comments>Ref: Guffanti et al., 2010, Volcano- monitoring
					instrumentation in the United States, 2008: USGS Open-File Report
					2009–1165</comments>
				<lat>43.9202</lat>
				<lon>-110.5976</lon>
				<elev>2134.00</elev>
				<startTime>2007-09-19 12:00:00</startTime>
				<endTime>9999-01-01 00:00:00</endTime>
				<diffUTC>0</diffUTC>
				<SeismicInstrument code="I17A_DB3C">
					<name>Near-surface seismometer digital broadband 3-component</name>
					<comments>Site:Pilgrim Creek</comments>
					<startTime>2007-09-19 12:00:00</startTime>
					<endTime>9999-01-01 00:00:00</endTime>
				</SeismicInstrument>
			</SeismicStation>
			<SeismicStation code="H16A" owner1="NSF" owner2="YVO"
				pubDate="2008-01-01 00:00:00">
				<name>Russell Place, West Yellowston</name>
				<description>Sensor:Guralp CMG-3T,Archive:IRIS</description>
				<comments>Ref: Guffanti et al., 2010, Volcano- monitoring
					instrumentation in the United States, 2008: USGS Open-File Report
					2009–1165</comments>
				<lat>44.7000</lat>
				<lon>-111.2000</lon>
				<elev>2080.00</elev>
				<startTime>2007-08-25 12:00:00</startTime>
				<endTime>9999-01-01 00:00:00</endTime>
				<diffUTC>0</diffUTC>
				<SeismicInstrument code="H16A_DB3C">
					<name>Near-surface seismometer digital broadband 3-component</name>
					<comments>Site:Russell Place, West Yellowstone</comments>
					<startTime>2007-08-25 12:00:00</startTime>
					<endTime>9999-01-01 00:00:00</endTime>
				</SeismicInstrument>
			</SeismicStation>
			<SeismicStation code="B206" owner1="NSF" owner2="YVO"
				pubDate="2008-01-01 00:00:00">
				<name>Canyon</name>
				<description>Sensor:Malin borehole seismometer,Archive:UNAVCO
				</description>
				<comments>Ref: Guffanti et al., 2010, Volcano- monitoring
					instrumentation in the United States, 2008: USGS Open-File Report
					2009–1165</comments>
				<lat>44.7177</lat>
				<lon>-110.5117</lon>
				<elev>2399.50</elev>
				<startTime>2008-06-27 12:00:00</startTime>
				<endTime>9999-01-01 00:00:00</endTime>
				<diffUTC>0</diffUTC>
				<SeismicInstrument code="B206_BSPMC">
					<name>Borehole seismometer short-period multi-component </name>
					<comments>Site:Canyon</comments>
					<startTime>2008-06-27 12:00:00</startTime>
					<endTime>9999-01-01 00:00:00</endTime>
				</SeismicInstrument>
			</SeismicStation>
			<SeismicStation code="B944" owner1="NSF" owner2="YVO"
				pubDate="2008-01-01 00:00:00">
				<name>Grant</name>
				<description>Sensor:Malin borehole seismometer,Archive:UNAVCO
				</description>
				<comments>Ref: Guffanti et al., 2010, Volcano- monitoring
					instrumentation in the United States, 2008: USGS Open-File Report
					2009–1165</comments>
				<lat>44.3897</lat>
				<lon>-110.5438</lon>
				<elev>2364.60</elev>
				<startTime>2008-08-06 12:00:00</startTime>
				<endTime>9999-01-01 00:00:00</endTime>
				<diffUTC>0</diffUTC>
				<SeismicInstrument code="B944_BSPMC">
					<name>Borehole seismometer short-period multi-component </name>
					<comments>Site:Grant</comments>
					<startTime>2008-08-06 12:00:00</startTime>
					<endTime>9999-01-01 00:00:00</endTime>
				</SeismicInstrument>
			</SeismicStation>
			<SeismicStation code="B207" owner1="NSF" owner2="YVO"
				pubDate="2008-01-01 00:00:00">
				<name>Madison</name>
				<description>Sensor:Malin Borehole Seismometer,Archive:UNAVCO
				</description>
				<comments>Ref: Guffanti et al., 2010, Volcano- monitoring
					instrumentation in the United States, 2008: USGS Open-File Report
					2009–1165</comments>
				<lat>44.6190</lat>
				<lon>-110.8485</lon>
				<elev>2182.00</elev>
				<startTime>2007-10-20 12:00:00</startTime>
				<endTime>9999-01-01 00:00:00</endTime>
				<diffUTC>0</diffUTC>
				<SeismicInstrument code="B207_BSPMC">
					<name>Borehole seismometer short-period multi-component </name>
					<comments>Site:Madison</comments>
					<startTime>2007-10-20 12:00:00</startTime>
					<endTime>9999-01-01 00:00:00</endTime>
				</SeismicInstrument>
			</SeismicStation>
			<SeismicStation code="B205" owner1="NSF" owner2="YVO"
				pubDate="2008-01-01 00:00:00">
				<name>Norris</name>
				<description>Sensor:Malin borehole seismometer,Archive:UNAVCO
				</description>
				<comments>Ref: Guffanti et al., 2010, Volcano- monitoring
					instrumentation in the United States, 2008: USGS Open-File Report
					2009–1165</comments>
				<lat>44.7135</lat>
				<lon>-110.6783</lon>
				<elev>0.00</elev>
				<startTime>2008-07-16 12:00:00</startTime>
				<endTime>9999-01-01 00:00:00</endTime>
				<diffUTC>0</diffUTC>
				<SeismicInstrument code="B205_BSPMC">
					<name>Borehole seismometer short-period multi-component </name>
					<comments>Site:Norris</comments>
					<startTime>2008-07-16 12:00:00</startTime>
					<endTime>9999-01-01 00:00:00</endTime>
				</SeismicInstrument>
			</SeismicStation>
			<SeismicStation code="B945" owner1="NSF" owner2="YVO"
				pubDate="2008-01-01 00:00:00">
				<name>Panther Creek</name>
				<description>Sensor:Malin borehole seismometer,Archive:UNAVCO
				</description>
				<comments>Ref: Guffanti et al., 2010, Volcano- monitoring
					instrumentation in the United States, 2008: USGS Open-File Report
					2009–1165</comments>
				<lat>44.8940</lat>
				<lon>-110.7441</lon>
				<elev>2241.40</elev>
				<startTime>2008-09-04 12:00:00</startTime>
				<endTime>9999-01-01 00:00:00</endTime>
				<diffUTC>0</diffUTC>
				<SeismicInstrument code="B945_BSPMC">
					<name>Borehole seismometer short-period multi-component </name>
					<comments>Site:Panther Creek</comments>
					<startTime>2008-09-04 12:00:00</startTime>
					<endTime>9999-01-01 00:00:00</endTime>
				</SeismicInstrument>
			</SeismicStation>
			<SeismicStation code="B208" owner1="NSF" owner2="YVO"
				pubDate="2008-01-01 00:00:00">
				<name>Yellowstone Lake</name>
				<description>Sensor:Malin Borehole Seismometer,Archive:UNAVCO
				</description>
				<comments>Ref: Guffanti et al., 2010, Volcano- monitoring
					instrumentation in the United States, 2008: USGS Open-File Report
					2009–1165</comments>
				<lat>44.5602</lat>
				<lon>-110.4015</lon>
				<elev>2405.80</elev>
				<startTime>2007-10-31 12:00:00</startTime>
				<endTime>9999-01-01 00:00:00</endTime>
				<diffUTC>0</diffUTC>
				<SeismicInstrument code="B208_BSPMC">
					<name>Borehole seismometer short-period multi-component </name>
					<comments>Site:Yellowstone Lake</comments>
					<startTime>2007-10-31 12:00:00</startTime>
					<endTime>9999-01-01 00:00:00</endTime>
				</SeismicInstrument>
			</SeismicStation>
		</SeismicNetwork>
	</MonitoringSystems>
</wovoml>