<?xml version="1.0" encoding="UTF-8" standalone="no"?>
<wovoml xmlns="http://www.wovodat.org" xmlns:xsi="http://www.w3.org/2001/XMLSchema-instance"
	pubDate="2008-01-01 00:00:00" version="1.1.0"
	xsi:schemaLocation="http://www.wovodat.org/WOVOdatV1.xsd">
	<MonitoringSystems owner1="USGS" pubDate="2008-01-01 00:00:00">
		<SeismicNetwork code="USGS-VMI-Seisnet-YVO" owner1="USGS"
			owner2="YVO" pubDate="2008-01-01 00:00:00">
			<Volcanoes>
				<volcanoCode>1207-05-</volcanoCode>
				<volcanoCode>1209-02-</volcanoCode>
				<volcanoCode>1205-01-</volcanoCode>
				<volcanoCode>1204-01-</volcanoCode>
				<volcanoCode>1204-04-</volcanoCode>
				<volcanoCode>1207-01-</volcanoCode>
			</Volcanoes>
			<name>USGS VMI Seismic Network YVO</name>
			<description>Ref: Guffanti et al., 2010, Volcano- monitoring
				instrumentation in the United States, 2008: USGS Open-File Report
				2009–1165</description>
			<numberOfSeismo>34</numberOfSeismo>
			<numberOfBBSeismo>8</numberOfBBSeismo>
			<numberOfSMPSeismo>22</numberOfSMPSeismo>
			<numberOfDigiSeismo>12</numberOfDigiSeismo>
			<numberOfAnaSeismo>22</numberOfAnaSeismo>
			<numberOf3CompSeismo>12</numberOf3CompSeismo>
			<numberOfMicro>0</numberOfMicro>
			<startTime>1970-07-20 12:00:00</startTime>
			<endTime>9999-01-01 00:00:00</endTime>
			<diffUTC>0</diffUTC>
			<SeismicStation code="WCU" owner1="USGS" owner2="YVO"
				pubDate="2008-01-01 00:00:00">
				<name>Willow Creek</name>
				<description>Sensor:18300 short-period seismometer,Archive:IRIS/UU
				</description>
				<comments>Ref: Guffanti et al., 2010, Volcano- monitoring
					instrumentation in the United States, 2008: USGS Open-File Report
					2009–1165</comments>
				<lat>38.9647</lat>
				<lon>-112.0907</lon>
				<elev>2673.00</elev>
				<startTime>1978-01-01 12:00:00</startTime>
				<endTime>9999-01-01 00:00:00</endTime>
				<diffUTC>0</diffUTC>
				<SeismicInstrument code="WCU_ASPSC">
					<name>Near-surface seismometer analog short-period single-component
					</name>
					<comments>Site:Willow Creek</comments>
					<startTime>1978-01-01 12:00:00</startTime>
					<endTime>9999-01-01 00:00:00</endTime>
				</SeismicInstrument>
			</SeismicStation>
			<SeismicStation code="SCN" owner1="USGS" owner2="YVO"
				pubDate="2008-01-01 00:00:00">
				<name>Sunset Crater National Monumen</name>
				<description>Sensor:Near surface seismometer,Archive:NPS
				</description>
				<comments>Ref: Guffanti et al., 2010, Volcano- monitoring
					instrumentation in the United States, 2008: USGS Open-File Report
					2009–1165</comments>
				<lat>35.3680</lat>
				<lon>-111.5425</lon>
				<elev>2111.00</elev>
				<startTime>1970-07-20 12:00:00</startTime>
				<endTime>9999-01-01 00:00:00</endTime>
				<diffUTC>0</diffUTC>
				<SeismicInstrument code="SCN_ASPSC">
					<name>Near-surface seismometer analog short-period single-component
					</name>
					<comments>Site:Sunset Crater National Monument</comments>
					<startTime>1970-07-20 12:00:00</startTime>
					<endTime>9999-01-01 00:00:00</endTime>
				</SeismicInstrument>
			</SeismicStation>
			<SeismicStation code="YDC" owner1="USGS" owner2="YVO"
				pubDate="2008-01-01 00:00:00">
				<name>Denny Creek</name>
				<description>Sensor:L4C,Archive:IRIS</description>
				<comments>Ref: Guffanti et al., 2010, Volcano- monitoring
					instrumentation in the United States, 2008: USGS Open-File Report
					2009–1165</comments>
				<lat>44.7095</lat>
				<lon>-111.2397</lon>
				<elev>2025.00</elev>
				<startTime>1983-12-20 12:00:00</startTime>
				<endTime>9999-01-01 00:00:00</endTime>
				<diffUTC>0</diffUTC>
				<SeismicInstrument code="YDC_ASPSC">
					<name>Near-surface seismometer analog short-period single-component
					</name>
					<comments>Site:Denny Creek</comments>
					<startTime>1983-12-20 12:00:00</startTime>
					<endTime>9999-01-01 00:00:00</endTime>
				</SeismicInstrument>
			</SeismicStation>
			<SeismicStation code="YGC" owner1="USGS" owner2="YVO"
				pubDate="2008-01-01 00:00:00">
				<name>Grayling Creek</name>
				<description>Sensor:L4C,Archive:IRIS</description>
				<comments>Ref: Guffanti et al., 2010, Volcano- monitoring
					instrumentation in the United States, 2008: USGS Open-File Report
					2009–1165</comments>
				<lat>44.7962</lat>
				<lon>-111.1065</lon>
				<elev>2075.00</elev>
				<startTime>1983-12-20 12:00:00</startTime>
				<endTime>9999-01-01 00:00:00</endTime>
				<diffUTC>0</diffUTC>
				<SeismicInstrument code="YGC_ASPSC">
					<name>Near-surface seismometer analog short-period single-component
					</name>
					<comments>Site:Grayling Creek</comments>
					<startTime>1983-12-20 12:00:00</startTime>
					<endTime>9999-01-01 00:00:00</endTime>
				</SeismicInstrument>
			</SeismicStation>
			<SeismicStation code="YHB" owner1="USGS" owner2="YVO"
				pubDate="2008-01-01 00:00:00">
				<name>Horse Butte</name>
				<description>Sensor:L4C,Archive:IRIS</description>
				<comments>Ref: Guffanti et al., 2010, Volcano- monitoring
					instrumentation in the United States, 2008: USGS Open-File Report
					2009–1165</comments>
				<lat>44.7512</lat>
				<lon>-111.1952</lon>
				<elev>2133.00</elev>
				<startTime>1995-10-19 12:00:00</startTime>
				<endTime>9999-01-01 00:00:00</endTime>
				<diffUTC>0</diffUTC>
				<SeismicInstrument code="YHB_ASPSC">
					<name>Near-surface seismometer analog short-period single-component
					</name>
					<comments>Site:Horse Butte</comments>
					<startTime>1995-10-19 12:00:00</startTime>
					<endTime>9999-01-01 00:00:00</endTime>
				</SeismicInstrument>
			</SeismicStation>
			<SeismicStation code="YJC" owner1="USGS" owner2="YVO"
				pubDate="2008-01-01 00:00:00">
				<name>Joseph's Coat</name>
				<description>Sensor:S13,Archive:IRIS</description>
				<comments>Ref: Guffanti et al., 2010, Volcano- monitoring
					instrumentation in the United States, 2008: USGS Open-File Report
					2009–1165</comments>
				<lat>44.7555</lat>
				<lon>-110.3492</lon>
				<elev>2684.00</elev>
				<startTime>1993-10-26 12:00:00</startTime>
				<endTime>9999-01-01 00:00:00</endTime>
				<diffUTC>0</diffUTC>
				<SeismicInstrument code="YJC_ASPSC">
					<name>Near-surface seismometer analog short-period single-component
					</name>
					<comments>Site:Joseph's Coat</comments>
					<startTime>1993-10-26 12:00:00</startTime>
					<endTime>9999-01-01 00:00:00</endTime>
				</SeismicInstrument>
			</SeismicStation>
			<SeismicStation code="YLA" owner1="USGS" owner2="YVO"
				pubDate="2008-01-01 00:00:00">
				<name>Lake Butte</name>
				<description>Sensor:L4C,Archive:IRIS</description>
				<comments>Ref: Guffanti et al., 2010, Volcano- monitoring
					instrumentation in the United States, 2008: USGS Open-File Report
					2009–1165</comments>
				<lat>44.5127</lat>
				<lon>-110.2687</lon>
				<elev>2580.00</elev>
				<startTime>1989-11-02 12:00:00</startTime>
				<endTime>9999-01-01 00:00:00</endTime>
				<diffUTC>0</diffUTC>
				<SeismicInstrument code="YLA_ASPSC">
					<name>Near-surface seismometer analog short-period single-component
					</name>
					<comments>Site:Lake Butte</comments>
					<startTime>1989-11-02 12:00:00</startTime>
					<endTime>9999-01-01 00:00:00</endTime>
				</SeismicInstrument>
			</SeismicStation>
			<SeismicStation code="YLT" owner1="USGS" owner2="YVO"
				pubDate="2008-01-01 00:00:00">
				<name>Little Thumb Creek</name>
				<description>Sensor:L4C,Archive:IRIS</description>
				<comments>Ref: Guffanti et al., 2010, Volcano- monitoring
					instrumentation in the United States, 2008: USGS Open-File Report
					2009–1165</comments>
				<lat>44.4370</lat>
				<lon>-110.5880</lon>
				<elev>2390.00</elev>
				<startTime>1999-08-30 12:00:00</startTime>
				<endTime>9999-01-01 00:00:00</endTime>
				<diffUTC>0</diffUTC>
				<SeismicInstrument code="YLT_ASPSC">
					<name>Near-surface seismometer analog short-period single-component
					</name>
					<comments>Site:Little Thumb Creek</comments>
					<startTime>1999-08-30 12:00:00</startTime>
					<endTime>9999-01-01 00:00:00</endTime>
				</SeismicInstrument>
			</SeismicStation>
			<SeismicStation code="YMV" owner1="USGS" owner2="YVO"
				pubDate="2008-01-01 00:00:00">
				<name>Mammoth Vault</name>
				<description>Sensor:L4C,Archive:IRIS</description>
				<comments>Ref: Guffanti et al., 2010, Volcano- monitoring
					instrumentation in the United States, 2008: USGS Open-File Report
					2009–1165</comments>
				<lat>44.9737</lat>
				<lon>-110.6888</lon>
				<elev>1829.00</elev>
				<startTime>1992-02-20 12:00:00</startTime>
				<endTime>9999-01-01 00:00:00</endTime>
				<diffUTC>0</diffUTC>
				<SeismicInstrument code="YMV_ASPSC">
					<name>Near-surface seismometer analog short-period single-component
					</name>
					<comments>Site:Mammoth Vault</comments>
					<startTime>1992-02-20 12:00:00</startTime>
					<endTime>9999-01-01 00:00:00</endTime>
				</SeismicInstrument>
			</SeismicStation>
			<SeismicStation code="YMC" owner1="USGS" owner2="YVO"
				pubDate="2008-01-01 00:00:00">
				<name>Maple Creek</name>
				<description>Sensor:L4C,Archive:IRIS</description>
				<comments>Ref: Guffanti et al., 2010, Volcano- monitoring
					instrumentation in the United States, 2008: USGS Open-File Report
					2009–1165</comments>
				<lat>44.7593</lat>
				<lon>-111.0062</lon>
				<elev>2073.00</elev>
				<startTime>1983-12-20 12:00:00</startTime>
				<endTime>9999-01-01 00:00:00</endTime>
				<diffUTC>0</diffUTC>
				<SeismicInstrument code="YMC_ASPSC">
					<name>Near-surface seismometer analog short-period single-component
					</name>
					<comments>Site:Maple Creek</comments>
					<startTime>1983-12-20 12:00:00</startTime>
					<endTime>9999-01-01 00:00:00</endTime>
				</SeismicInstrument>
			</SeismicStation>
			<SeismicStation code="YML" owner1="USGS" owner2="YVO"
				pubDate="2008-01-01 00:00:00">
				<name>Mary Lake</name>
				<description>Sensor:L4C,Archive:IRIS</description>
				<comments>Ref: Guffanti et al., 2010, Volcano- monitoring
					instrumentation in the United States, 2008: USGS Open-File Report
					2009–1165</comments>
				<lat>44.6053</lat>
				<lon>-110.6432</lon>
				<elev>2653.00</elev>
				<startTime>1993-10-26 12:00:00</startTime>
				<endTime>9999-01-01 00:00:00</endTime>
				<diffUTC>0</diffUTC>
				<SeismicInstrument code="YML_ASPSC">
					<name>Near-surface seismometer analog short-period single-component
					</name>
					<comments>Site:Mary Lake</comments>
					<startTime>1993-10-26 12:00:00</startTime>
					<endTime>9999-01-01 00:00:00</endTime>
				</SeismicInstrument>
			</SeismicStation>
			<SeismicStation code="MCID" owner1="USGS" owner2="YVO"
				pubDate="2008-01-01 00:00:00">
				<name>Moose Creek, ID</name>
				<description>Sensor:L4C,Archive:IRIS</description>
				<comments>Ref: Guffanti et al., 2010, Volcano- monitoring
					instrumentation in the United States, 2008: USGS Open-File Report
					2009–1165</comments>
				<lat>44.1903</lat>
				<lon>-111.1827</lon>
				<elev>2149.00</elev>
				<startTime>1995-12-27 12:00:00</startTime>
				<endTime>9999-01-01 00:00:00</endTime>
				<diffUTC>0</diffUTC>
				<SeismicInstrument code="MCID_ASPSC">
					<name>Near-surface seismometer analog short-period single-component
					</name>
					<comments>Site:Moose Creek, ID</comments>
					<startTime>1995-12-27 12:00:00</startTime>
					<endTime>9999-01-01 00:00:00</endTime>
				</SeismicInstrument>
			</SeismicStation>
			<SeismicStation code="YMS" owner1="USGS" owner2="YVO"
				pubDate="2008-01-01 00:00:00">
				<name>Mt. Sheridan</name>
				<description>Sensor:L4C,Archive:IRIS</description>
				<comments>Ref: Guffanti et al., 2010, Volcano- monitoring
					instrumentation in the United States, 2008: USGS Open-File Report
					2009–1165</comments>
				<lat>44.2640</lat>
				<lon>-110.5278</lon>
				<elev>3106.00</elev>
				<startTime>1995-09-13 12:00:00</startTime>
				<endTime>9999-01-01 00:00:00</endTime>
				<diffUTC>0</diffUTC>
				<SeismicInstrument code="YMS_ASPSC">
					<name>Near-surface seismometer analog short-period single-component
					</name>
					<comments>Site:Mt. Sheridan</comments>
					<startTime>1995-09-13 12:00:00</startTime>
					<endTime>9999-01-01 00:00:00</endTime>
				</SeismicInstrument>
			</SeismicStation>
			<SeismicStation code="YPC" owner1="USGS" owner2="YVO"
				pubDate="2008-01-01 00:00:00">
				<name>Pelican Cone</name>
				<description>Sensor:L4C,Archive:IRIS</description>
				<comments>Ref: Guffanti et al., 2010, Volcano- monitoring
					instrumentation in the United States, 2008: USGS Open-File Report
					2009–1165</comments>
				<lat>44.6480</lat>
				<lon>-110.1925</lon>
				<elev>2932.00</elev>
				<startTime>1983-12-20 12:00:00</startTime>
				<endTime>9999-01-01 00:00:00</endTime>
				<diffUTC>0</diffUTC>
				<SeismicInstrument code="YPC_ASPSC">
					<name>Near-surface seismometer analog short-period single-component
					</name>
					<comments>Site:Pelican Cone</comments>
					<startTime>1983-12-20 12:00:00</startTime>
					<endTime>9999-01-01 00:00:00</endTime>
				</SeismicInstrument>
			</SeismicStation>
			<SeismicStation code="YPP" owner1="USGS" owner2="YVO"
				pubDate="2008-01-01 00:00:00">
				<name>Pitchstone Plateau</name>
				<description>Sensor:S13,Archive:IRIS</description>
				<comments>Ref: Guffanti et al., 2010, Volcano- monitoring
					instrumentation in the United States, 2008: USGS Open-File Report
					2009–1165</comments>
				<lat>44.2710</lat>
				<lon>-110.8045</lon>
				<elev>2939.00</elev>
				<startTime>1996-03-27 12:00:00</startTime>
				<endTime>9999-01-01 00:00:00</endTime>
				<diffUTC>0</diffUTC>
				<SeismicInstrument code="YPP_ASPSC">
					<name>Near-surface seismometer analog short-period single-component
					</name>
					<comments>Site:Pitchstone Plateau</comments>
					<startTime>1996-03-27 12:00:00</startTime>
					<endTime>9999-01-01 00:00:00</endTime>
				</SeismicInstrument>
			</SeismicStation>
			<SeismicStation code="YPM" owner1="USGS" owner2="YVO"
				pubDate="2008-01-01 00:00:00">
				<name>Purple Mountain</name>
				<description>Sensor:L4C,Archive:IRIS</description>
				<comments>Ref: Guffanti et al., 2010, Volcano- monitoring
					instrumentation in the United States, 2008: USGS Open-File Report
					2009–1165</comments>
				<lat>44.6572</lat>
				<lon>-110.8687</lon>
				<elev>2582.00</elev>
				<startTime>1993-07-26 12:00:00</startTime>
				<endTime>9999-01-01 00:00:00</endTime>
				<diffUTC>0</diffUTC>
				<SeismicInstrument code="YPM_ASPSC">
					<name>Near-surface seismometer analog short-period single-component
					</name>
					<comments>Site:Purple Mountain</comments>
					<startTime>1993-07-26 12:00:00</startTime>
					<endTime>9999-01-01 00:00:00</endTime>
				</SeismicInstrument>
			</SeismicStation>
			<SeismicStation code="YSB" owner1="USGS" owner2="YVO"
				pubDate="2008-01-01 00:00:00">
				<name>Soda Butte</name>
				<description>Sensor:L4C,Archive:IRIS</description>
				<comments>Ref: Guffanti et al., 2010, Volcano- monitoring
					instrumentation in the United States, 2008: USGS Open-File Report
					2009–1165</comments>
				<lat>44.8840</lat>
				<lon>-110.1510</lon>
				<elev>2072.00</elev>
				<startTime>1983-12-20 12:00:00</startTime>
				<endTime>9999-01-01 00:00:00</endTime>
				<diffUTC>0</diffUTC>
				<SeismicInstrument code="YSB_ASPSC">
					<name>Near-surface seismometer analog short-period single-component
					</name>
					<comments>Site:Soda Butte</comments>
					<startTime>1983-12-20 12:00:00</startTime>
					<endTime>9999-01-01 00:00:00</endTime>
				</SeismicInstrument>
			</SeismicStation>
			<SeismicStation code="YTP" owner1="USGS" owner2="YVO"
				pubDate="2008-01-01 00:00:00">
				<name>The Promontory</name>
				<description>Sensor:L4,Archive:IRIS</description>
				<comments>Ref: Guffanti et al., 2010, Volcano- monitoring
					instrumentation in the United States, 2008: USGS Open-File Report
					2009–1165</comments>
				<lat>44.3918</lat>
				<lon>-110.2850</lon>
				<elev>2384.00</elev>
				<startTime>1994-08-05 12:00:00</startTime>
				<endTime>9999-01-01 00:00:00</endTime>
				<diffUTC>0</diffUTC>
				<SeismicInstrument code="YTP_ASPSC">
					<name>Near-surface seismometer analog short-period single-component
					</name>
					<comments>Site:The Promontory</comments>
					<startTime>1994-08-05 12:00:00</startTime>
					<endTime>9999-01-01 00:00:00</endTime>
				</SeismicInstrument>
			</SeismicStation>
			<SeismicStation code="YWB" owner1="USGS" owner2="YVO"
				pubDate="2008-01-01 00:00:00">
				<name>West Boundary</name>
				<description>Sensor:L4C,Archive:IRIS</description>
				<comments>Ref: Guffanti et al., 2010, Volcano- monitoring
					instrumentation in the United States, 2008: USGS Open-File Report
					2009–1165</comments>
				<lat>44.6058</lat>
				<lon>-111.1008</lon>
				<elev>2310.00</elev>
				<startTime>1983-12-20 12:00:00</startTime>
				<endTime>9999-01-01 00:00:00</endTime>
				<diffUTC>0</diffUTC>
				<SeismicInstrument code="YWB_ASPSC">
					<name>Near-surface seismometer analog short-period single-component
					</name>
					<comments>Site:West Boundary</comments>
					<startTime>1983-12-20 12:00:00</startTime>
					<endTime>9999-01-01 00:00:00</endTime>
				</SeismicInstrument>
			</SeismicStation>
			<SeismicStation code="YHH" owner1="USGS" owner2="YVO"
				pubDate="2008-01-01 00:00:00">
				<name>Holmes Hill</name>
				<description>Sensor:S13,Archive:IRIS</description>
				<comments>Ref: Guffanti et al., 2010, Volcano- monitoring
					instrumentation in the United States, 2008: USGS Open-File Report
					2009–1165</comments>
				<lat>44.7883</lat>
				<lon>-110.8505</lon>
				<elev>2717.00</elev>
				<startTime>1993-10-26 12:00:00</startTime>
				<endTime>9999-01-01 00:00:00</endTime>
				<diffUTC>0</diffUTC>
				<SeismicInstrument code="YHH_ASPMC">
					<name>Near-surface seismometer analog short-period multi-component
					</name>
					<comments>Site:Holmes Hill</comments>
					<startTime>1993-10-26 12:00:00</startTime>
					<endTime>9999-01-01 00:00:00</endTime>
				</SeismicInstrument>
			</SeismicStation>
			<SeismicStation code="YMP" owner1="USGS" owner2="YVO"
				pubDate="2008-01-01 00:00:00">
				<name>Mirror Plateau</name>
				<description>Sensor:L4C,Archive:IRIS</description>
				<comments>Ref: Guffanti et al., 2010, Volcano- monitoring
					instrumentation in the United States, 2008: USGS Open-File Report
					2009–1165</comments>
				<lat>44.7402</lat>
				<lon>-110.1560</lon>
				<elev>2774.00</elev>
				<startTime>2002-09-03 12:00:00</startTime>
				<endTime>9999-01-01 00:00:00</endTime>
				<diffUTC>0</diffUTC>
				<SeismicInstrument code="YMP_ASPMC">
					<name>Near-surface seismometer analog short-period multi-component
					</name>
					<comments>Site:Mirror Plateau</comments>
					<startTime>2002-09-03 12:00:00</startTime>
					<endTime>9999-01-01 00:00:00</endTime>
				</SeismicInstrument>
			</SeismicStation>
			<SeismicStation code="YPK" owner1="USGS" owner2="YVO"
				pubDate="2008-01-01 00:00:00">
				<name>Parker Peak</name>
				<description>Sensor:L4C,Archive:IRIS</description>
				<comments>Ref: Guffanti et al., 2010, Volcano- monitoring
					instrumentation in the United States, 2008: USGS Open-File Report
					2009–1165</comments>
				<lat>44.7318</lat>
				<lon>-109.9219</lon>
				<elev>2897.00</elev>
				<startTime>2005-09-01 12:00:00</startTime>
				<endTime>9999-01-01 00:00:00</endTime>
				<diffUTC>0</diffUTC>
				<SeismicInstrument code="YPK_ASPMC">
					<name>Near-surface seismometer analog short-period multi-component
					</name>
					<comments>Site:Parker Peak</comments>
					<startTime>2005-09-01 12:00:00</startTime>
					<endTime>9999-01-01 00:00:00</endTime>
				</SeismicInstrument>
			</SeismicStation>
			<SeismicStation code="HLID" owner1="USGS" owner2="YVO"
				pubDate="2008-01-01 00:00:00">
				<name>Hailey</name>
				<description>Sensor:EpiSensor,Archive:IRIS/UU</description>
				<comments>Ref: Guffanti et al., 2010, Volcano- monitoring
					instrumentation in the United States, 2008: USGS Open-File Report
					2009–1165</comments>
				<lat>43.5625</lat>
				<lon>-114.4138</lon>
				<elev>1772.00</elev>
				<startTime>1998-08-10 12:00:00</startTime>
				<endTime>9999-01-01 00:00:00</endTime>
				<diffUTC>0</diffUTC>
				<SeismicInstrument code="HLID_DB3C">
					<name>Near-surface seismometer digital broadband 3-component</name>
					<comments>Site:Hailey</comments>
					<startTime>1998-08-10 12:00:00</startTime>
					<endTime>9999-01-01 00:00:00</endTime>
				</SeismicInstrument>
			</SeismicStation>
			<SeismicStation code="WUAZ" owner1="USGS" owner2="YVO"
				pubDate="2008-01-01 00:00:00">
				<name>Wupatki</name>
				<description>Sensor:Streckeisen STS-2,Archive:USGS/ANSS
				</description>
				<comments>Ref: Guffanti et al., 2010, Volcano- monitoring
					instrumentation in the United States, 2008: USGS Open-File Report
					2009–1165</comments>
				<lat>35.5169</lat>
				<lon>-111.3739</lon>
				<elev>1592.00</elev>
				<startTime>1998-05-12 12:00:00</startTime>
				<endTime>9999-01-01 00:00:00</endTime>
				<diffUTC>0</diffUTC>
				<SeismicInstrument code="WUAZ_DB3C">
					<name>Near-surface seismometer digital broadband 3-component</name>
					<comments>Site:Wupatki</comments>
					<startTime>1998-05-12 12:00:00</startTime>
					<endTime>9999-01-01 00:00:00</endTime>
				</SeismicInstrument>
			</SeismicStation>
			<SeismicStation code="YUF" owner1="USGS" owner2="YVO"
				pubDate="2008-01-01 00:00:00">
				<name>Canyon Junction</name>
				<description>Sensor:CMG-3 ESP,Archive:IRIS</description>
				<comments>Ref: Guffanti et al., 2010, Volcano- monitoring
					instrumentation in the United States, 2008: USGS Open-File Report
					2009–1165</comments>
				<lat>44.7126</lat>
				<lon>-110.5118</lon>
				<elev>2426.00</elev>
				<startTime>1983-12-20 12:00:00</startTime>
				<endTime>9999-01-01 00:00:00</endTime>
				<diffUTC>0</diffUTC>
				<SeismicInstrument code="YUF_DB3C">
					<name>Near-surface seismometer digital broadband 3-component</name>
					<comments>Site:Canyon Junction</comments>
					<startTime>1983-12-20 12:00:00</startTime>
					<endTime>9999-01-01 00:00:00</endTime>
				</SeismicInstrument>
			</SeismicStation>
			<SeismicStation code="FLWY" owner1="USGS" owner2="YVO"
				pubDate="2008-01-01 00:00:00">
				<name>Flagg Ranch, WY</name>
				<description>Sensor:STS-2,Archive:IRIS</description>
				<comments>Ref: Guffanti et al., 2010, Volcano- monitoring
					instrumentation in the United States, 2008: USGS Open-File Report
					2009–1165</comments>
				<lat>44.0830</lat>
				<lon>-110.6990</lon>
				<elev>2078.00</elev>
				<startTime>2005-08-01 12:00:00</startTime>
				<endTime>9999-01-01 00:00:00</endTime>
				<diffUTC>0</diffUTC>
				<SeismicInstrument code="FLWY_DB3C">
					<name>Near-surface seismometer digital broadband 3-component</name>
					<comments>Site:Flagg Ranch, WY</comments>
					<startTime>2005-08-01 12:00:00</startTime>
					<endTime>9999-01-01 00:00:00</endTime>
				</SeismicInstrument>
			</SeismicStation>
			<SeismicStation code="LKWY" owner1="USGS" owner2="YVO"
				pubDate="2008-01-01 00:00:00">
				<name>Lake Yellowstone</name>
				<description>Sensor:CMG-3 ESP,Archive:IRIS</description>
				<comments>Ref: Guffanti et al., 2010, Volcano- monitoring
					instrumentation in the United States, 2008: USGS Open-File Report
					2009–1165</comments>
				<lat>44.5652</lat>
				<lon>-110.4000</lon>
				<elev>2424.00</elev>
				<startTime>1995-10-11 12:00:00</startTime>
				<endTime>9999-01-01 00:00:00</endTime>
				<diffUTC>0</diffUTC>
				<SeismicInstrument code="LKWY_DB3C">
					<name>Near-surface seismometer digital broadband 3-component</name>
					<comments>Site:Lake Yellowstone</comments>
					<startTime>1995-10-11 12:00:00</startTime>
					<endTime>9999-01-01 00:00:00</endTime>
				</SeismicInstrument>
			</SeismicStation>
			<SeismicStation code="YMR" owner1="USGS" owner2="YVO"
				pubDate="2008-01-01 00:00:00">
				<name>Madison River</name>
				<description>Sensor:Guralp 40T,Archive:IRIS</description>
				<comments>Ref: Guffanti et al., 2010, Volcano- monitoring
					instrumentation in the United States, 2008: USGS Open-File Report
					2009–1165</comments>
				<lat>44.6687</lat>
				<lon>-110.9650</lon>
				<elev>2149.00</elev>
				<startTime>1995-09-13 12:00:00</startTime>
				<endTime>9999-01-01 00:00:00</endTime>
				<diffUTC>0</diffUTC>
				<SeismicInstrument code="YMR_DB3C">
					<name>Near-surface seismometer digital broadband 3-component</name>
					<comments>Site:Madison River</comments>
					<startTime>1995-09-13 12:00:00</startTime>
					<endTime>9999-01-01 00:00:00</endTime>
				</SeismicInstrument>
			</SeismicStation>
			<SeismicStation code="YNR" owner1="USGS" owner2="YVO"
				pubDate="2008-01-01 00:00:00">
				<name>Norris Junction</name>
				<description>Sensor:Guralp 40T,Archive:IRIS</description>
				<comments>Ref: Guffanti et al., 2010, Volcano- monitoring
					instrumentation in the United States, 2008: USGS Open-File Report
					2009–1165</comments>
				<lat>44.7160</lat>
				<lon>-110.6790</lon>
				<elev>2336.00</elev>
				<startTime>1993-10-26 12:00:00</startTime>
				<endTime>9999-01-01 00:00:00</endTime>
				<diffUTC>0</diffUTC>
				<SeismicInstrument code="YNR_DB3C">
					<name>Near-surface seismometer digital broadband 3-component</name>
					<comments>Site:Norris Junction</comments>
					<startTime>1993-10-26 12:00:00</startTime>
					<endTime>9999-01-01 00:00:00</endTime>
				</SeismicInstrument>
			</SeismicStation>
			<SeismicStation code="YFT" owner1="USGS" owner2="YVO"
				pubDate="2008-01-01 00:00:00">
				<name>Old Faithful</name>
				<description>Sensor:Guralp 40T,Archive:IRIS</description>
				<comments>Ref: Guffanti et al., 2010, Volcano- monitoring
					instrumentation in the United States, 2008: USGS Open-File Report
					2009–1165</comments>
				<lat>44.4513</lat>
				<lon>-110.8358</lon>
				<elev>2292.00</elev>
				<startTime>1993-01-11 12:00:00</startTime>
				<endTime>9999-01-01 00:00:00</endTime>
				<diffUTC>0</diffUTC>
				<SeismicInstrument code="YFT_DB3C">
					<name>Near-surface seismometer digital broadband 3-component</name>
					<comments>Site:Old Faithful</comments>
					<startTime>1993-01-11 12:00:00</startTime>
					<endTime>9999-01-01 00:00:00</endTime>
				</SeismicInstrument>
			</SeismicStation>
			<SeismicStation code="7226" owner1="USGS" owner2="YVO"
				pubDate="2008-01-01 00:00:00">
				<name>Richfield; UDOT IT Radio Shop </name>
				<description>Sensor:Etna - EpiSen,Archive:USGS-NSMP</description>
				<comments>Ref: Guffanti et al., 2010, Volcano- monitoring
					instrumentation in the United States, 2008: USGS Open-File Report
					2009–1165</comments>
				<lat>38.7572</lat>
				<lon>-112.0877</lon>
				<elev>1617.20</elev>
				<startTime>2005-07-27 12:00:00</startTime>
				<endTime>9999-01-01 00:00:00</endTime>
				<diffUTC>0</diffUTC>
				<SeismicInstrument code="7226_DSM3CA">
					<name>Near-surface seismometer digital strong-motion 3-component
						accelerometer </name>
					<comments>Site:Richfield; UDOT IT Radio Shop </comments>
					<startTime>2005-07-27 12:00:00</startTime>
					<endTime>9999-01-01 00:00:00</endTime>
				</SeismicInstrument>
			</SeismicStation>
			<SeismicStation code="7218" owner1="USGS" owner2="YVO"
				pubDate="2008-01-01 00:00:00">
				<name>Idaho Falls; BLM District Offi</name>
				<description>Sensor:K2 ,Archive:USGS-NSMP</description>
				<comments>Ref: Guffanti et al., 2010, Volcano- monitoring
					instrumentation in the United States, 2008: USGS Open-File Report
					2009–1165</comments>
				<lat>43.5087</lat>
				<lon>-112.0073</lon>
				<elev>1443.60</elev>
				<startTime>2004-05-26 12:00:00</startTime>
				<endTime>9999-01-01 00:00:00</endTime>
				<diffUTC>0</diffUTC>
				<SeismicInstrument code="7218_DSM3CA">
					<name>Near-surface seismometer digital strong-motion 3-component
						accelerometer </name>
					<comments>Site:Idaho Falls; BLM District Office </comments>
					<startTime>2004-05-26 12:00:00</startTime>
					<endTime>9999-01-01 00:00:00</endTime>
				</SeismicInstrument>
			</SeismicStation>
			<SeismicStation code="7223" owner1="USGS" owner2="YVO"
				pubDate="2008-01-01 00:00:00">
				<name>St. George</name>
				<description>Sensor:Etna Strong Motion
					Accelerograph,Archive:USGS-NSMP</description>
				<comments>Ref: Guffanti et al., 2010, Volcano- monitoring
					instrumentation in the United States, 2008: USGS Open-File Report
					2009–1165</comments>
				<lat>37.1003</lat>
				<lon>-113.5656</lon>
				<elev>814.20</elev>
				<startTime>2005-08-03 12:00:00</startTime>
				<endTime>9999-01-01 00:00:00</endTime>
				<diffUTC>0</diffUTC>
				<SeismicInstrument code="7223_DSM3CA">
					<name>Near-surface seismometer digital strong-motion 3-component
						accelerometer </name>
					<comments>Site:St. George</comments>
					<startTime>2005-08-03 12:00:00</startTime>
					<endTime>9999-01-01 00:00:00</endTime>
				</SeismicInstrument>
			</SeismicStation>
			<SeismicStation code="7220" owner1="USGS" owner2="YVO"
				pubDate="2008-01-01 00:00:00">
				<name>West Yellowstone; Hebgen Lake </name>
				<description>Sensor:K2 ,Archive:USGS-NSMP</description>
				<comments>Ref: Guffanti et al., 2010, Volcano- monitoring
					instrumentation in the United States, 2008: USGS Open-File Report
					2009–1165</comments>
				<lat>44.6670</lat>
				<lon>-111.0991</lon>
				<elev>2031.50</elev>
				<startTime>2004-05-27 12:00:00</startTime>
				<endTime>9999-01-01 00:00:00</endTime>
				<diffUTC>0</diffUTC>
				<SeismicInstrument code="7220_DSM3CA">
					<name>Near-surface seismometer digital strong-motion 3-component
						accelerometer </name>
					<comments>Site:West Yellowstone; Hebgen Lake Ranger Station
					</comments>
					<startTime>2004-05-27 12:00:00</startTime>
					<endTime>9999-01-01 00:00:00</endTime>
				</SeismicInstrument>
			</SeismicStation>
		</SeismicNetwork>
	</MonitoringSystems>
</wovoml>