<?xml version="1.0" encoding="UTF-8" standalone="no"?>
<wovoml xmlns="http://www.wovodat.org" xmlns:xsi="http://www.w3.org/2001/XMLSchema-instance"
	pubDate="2008-01-01 00:00:00" version="1.1.0"
	xsi:schemaLocation="http://www.wovodat.org/WOVOdatV1.xsd">
	<MonitoringSystems owner1="NOAA" pubDate="2008-01-01 00:00:00">
		<SeismicNetwork code="NOAA-VMI-Seisnet-AVO" owner1="NOAA"
			owner2="AVO" pubDate="2008-01-01 00:00:00">
			<Volcanoes>
				<volcanoCode>1101-111</volcanoCode>
				<volcanoCode>1105-01-</volcanoCode>
				<volcanoCode>1102-07-</volcanoCode>
				<volcanoCode>1101-32-</volcanoCode>
				<volcanoCode>1101-16-</volcanoCode>
				<volcanoCode>1102-05-</volcanoCode>
				<volcanoCode>1105-04-</volcanoCode>
				<volcanoCode>1104-05-</volcanoCode>
				<volcanoCode>1101-38-</volcanoCode>
				<volcanoCode>1104-01-</volcanoCode>
				<volcanoCode>1101-311</volcanoCode>
				<volcanoCode>1105-06-</volcanoCode>
				<volcanoCode>1101-27-</volcanoCode>
			</Volcanoes>
			<name>NOAA VMI Seismic Network AVO</name>
			<description>Ref: Guffanti et al., 2010, Volcano- monitoring
				instrumentation in the United States, 2008: USGS Open-File Report
				2009–1165</description>
			<numberOfSeismo>13</numberOfSeismo>
			<numberOfBBSeismo>10</numberOfBBSeismo>
			<numberOfSMPSeismo>3</numberOfSMPSeismo>
			<numberOfDigiSeismo>10</numberOfDigiSeismo>
			<numberOfAnaSeismo>3</numberOfAnaSeismo>
			<numberOf3CompSeismo>10</numberOf3CompSeismo>
			<numberOfMicro>0</numberOfMicro>
			<startTime>1966-01-01 12:00:00</startTime>
			<endTime>9999-01-01 00:00:00</endTime>
			<diffUTC>0</diffUTC>
			<SeismicStation code="ADK" owner1="NOAA" owner2="AVO"
				pubDate="2008-01-01 00:00:00">
				<name>Adak</name>
				<description>Sensor:S13, GeoTech 7505A,Archive:AEIC/UAFGI
				</description>
				<comments>Ref: Guffanti et al., 2010, Volcano- monitoring
					instrumentation in the United States, 2008: USGS Open-File Report
					2009–1165</comments>
				<lat>51.8837</lat>
				<lon>-176.6844</lon>
				<elev>116.00</elev>
				<startTime>1966-01-01 12:00:00</startTime>
				<endTime>2004-08-19 12:00:00</endTime>
				<diffUTC>0</diffUTC>
				<SeismicInstrument code="ADK_ASPSC">
					<name>Near-surface seismometer analog short-period single-component
					</name>
					<comments>Site:Adak</comments>
					<startTime>1966-01-01 12:00:00</startTime>
					<endTime>2004-08-19 12:00:00</endTime>
				</SeismicInstrument>
			</SeismicStation>
			<SeismicStation code="MENT" owner1="NOAA" owner2="AVO"
				pubDate="2008-01-01 00:00:00">
				<name>Mentasta</name>
				<description>Sensor:S13,Archive:IRIS</description>
				<comments>Ref: Guffanti et al., 2010, Volcano- monitoring
					instrumentation in the United States, 2008: USGS Open-File Report
					2009–1165</comments>
				<lat>62.9376</lat>
				<lon>-143.7216</lon>
				<elev>702.00</elev>
				<startTime>2004-07-18 12:00:00</startTime>
				<endTime>9999-01-01 00:00:00</endTime>
				<diffUTC>0</diffUTC>
				<SeismicInstrument code="MENT_ASPSC">
					<name>Near-surface seismometer analog short-period single-component
					</name>
					<comments>Site:Mentasta</comments>
					<startTime>2004-07-18 12:00:00</startTime>
					<endTime>9999-01-01 00:00:00</endTime>
				</SeismicInstrument>
			</SeismicStation>
			<SeismicStation code="CHGN" owner1="NOAA" owner2="AVO"
				pubDate="2008-01-01 00:00:00">
				<name>Chignik  </name>
				<description>Sensor:S13,Archive:IRIS</description>
				<comments>Ref: Guffanti et al., 2010, Volcano- monitoring
					instrumentation in the United States, 2008: USGS Open-File Report
					2009–1165</comments>
				<lat>56.3006</lat>
				<lon>-158.4161</lon>
				<elev>16.50</elev>
				<startTime>2004-08-03 12:00:00</startTime>
				<endTime>9999-01-01 00:00:00</endTime>
				<diffUTC>0</diffUTC>
				<SeismicInstrument code="CHGN_ASPSC">
					<name>Near-surface seismometer analog short-period single-component
					</name>
					<comments>Site:Chignik  </comments>
					<startTime>2004-08-03 12:00:00</startTime>
					<endTime>9999-01-01 00:00:00</endTime>
				</SeismicInstrument>
			</SeismicStation>
			<SeismicStation code="AKUT " owner1="NOAA" owner2="AVO"
				pubDate="2008-01-01 00:00:00">
				<name>Akutan</name>
				<description>Sensor:Streckheisen STS-2,Archive:AVO/AEIC/UAFGI
				</description>
				<comments>Ref: Guffanti et al., 2010, Volcano- monitoring
					instrumentation in the United States, 2008: USGS Open-File Report
					2009–1165</comments>
				<lat>54.1352</lat>
				<lon>-165.7719</lon>
				<elev>19.20</elev>
				<startTime>2004-11-17 12:00:00</startTime>
				<endTime>9999-01-01 00:00:00</endTime>
				<diffUTC>0</diffUTC>
				<SeismicInstrument code="AKUT _DB3C">
					<name>Near-surface seismometer digital broadband 3-component</name>
					<comments>Site:Akutan</comments>
					<startTime>2004-11-17 12:00:00</startTime>
					<endTime>9999-01-01 00:00:00</endTime>
				</SeismicInstrument>
			</SeismicStation>
			<SeismicStation code="ATKA" owner1="NOAA" owner2="AVO"
				pubDate="2008-01-01 00:00:00">
				<name>Atka</name>
				<description>Sensor:CMG-3ESP,Archive:AEIC/UAFGI</description>
				<comments>Ref: Guffanti et al., 2010, Volcano- monitoring
					instrumentation in the United States, 2008: USGS Open-File Report
					2009–1165</comments>
				<lat>52.2027</lat>
				<lon>-174.1955</lon>
				<elev>55.00</elev>
				<startTime>2002-10-03 12:00:00</startTime>
				<endTime>9999-01-01 00:00:00</endTime>
				<diffUTC>0</diffUTC>
				<SeismicInstrument code="ATKA_DB3C">
					<name>Near-surface seismometer digital broadband 3-component</name>
					<comments>Site:Atka</comments>
					<startTime>2002-10-03 12:00:00</startTime>
					<endTime>9999-01-01 00:00:00</endTime>
				</SeismicInstrument>
			</SeismicStation>
			<SeismicStation code="SDPT" owner1="NOAA" owner2="AVO"
				pubDate="2008-01-01 00:00:00">
				<name>Sand Point</name>
				<description>Sensor:STS-2, Episensor,Archive:IRIS</description>
				<comments>Ref: Guffanti et al., 2010, Volcano- monitoring
					instrumentation in the United States, 2008: USGS Open-File Report
					2009–1165</comments>
				<lat>55.3485</lat>
				<lon>-160.4786</lon>
				<elev>74.00</elev>
				<startTime>2001-10-05 12:00:00</startTime>
				<endTime>9999-01-01 00:00:00</endTime>
				<diffUTC>0</diffUTC>
				<SeismicInstrument code="SDPT_DB3C">
					<name>Near-surface seismometer digital broadband 3-component</name>
					<comments>Site:Sand Point</comments>
					<startTime>2001-10-05 12:00:00</startTime>
					<endTime>9999-01-01 00:00:00</endTime>
				</SeismicInstrument>
			</SeismicStation>
			<SeismicStation code="SIT" owner1="NOAA" owner2="AVO"
				pubDate="2008-01-01 00:00:00">
				<name>Sitka Observatory</name>
				<description>Sensor:Guralp CMG-3,Archive:AVO/AEIC/UAFGI
				</description>
				<comments>Ref: Guffanti et al., 2010, Volcano- monitoring
					instrumentation in the United States, 2008: USGS Open-File Report
					2009–1165</comments>
				<lat>57.0567</lat>
				<lon>-135.3262</lon>
				<elev>25.00</elev>
				<startTime>1999-08-11 12:00:00</startTime>
				<endTime>9999-01-01 00:00:00</endTime>
				<diffUTC>0</diffUTC>
				<SeismicInstrument code="SIT_DB3C">
					<name>Near-surface seismometer digital broadband 3-component</name>
					<comments>Site:Sitka Observatory</comments>
					<startTime>1999-08-11 12:00:00</startTime>
					<endTime>9999-01-01 00:00:00</endTime>
				</SeismicInstrument>
			</SeismicStation>
			<SeismicStation code="GAMB " owner1="NOAA" owner2="AVO"
				pubDate="2008-01-01 00:00:00">
				<name>Gambell</name>
				<description>Sensor:Guralp CMG3ESP,Archive:AEIC/UAFGI</description>
				<comments>Ref: Guffanti et al., 2010, Volcano- monitoring
					instrumentation in the United States, 2008: USGS Open-File Report
					2009–1165</comments>
				<lat>63.7767</lat>
				<lon>-171.7008</lon>
				<elev>10.00</elev>
				<startTime>2002-02-23 12:00:00</startTime>
				<endTime>9999-01-01 00:00:00</endTime>
				<diffUTC>0</diffUTC>
				<SeismicInstrument code="GAMB _DB3C">
					<name>Near-surface seismometer digital broadband 3-component</name>
					<comments>Site:Gambell</comments>
					<startTime>2002-02-23 12:00:00</startTime>
					<endTime>9999-01-01 00:00:00</endTime>
				</SeismicInstrument>
			</SeismicStation>
			<SeismicStation code="FALS" owner1="NOAA" owner2="AVO"
				pubDate="2008-01-01 00:00:00">
				<name>False Pass</name>
				<description>Sensor:CMG-3ESP,Archive:AEIC/UAFGI</description>
				<comments>Ref: Guffanti et al., 2010, Volcano- monitoring
					instrumentation in the United States, 2008: USGS Open-File Report
					2009–1165</comments>
				<lat>54.8573</lat>
				<lon>-163.4155</lon>
				<elev>46.00</elev>
				<startTime>2002-06-19 12:00:00</startTime>
				<endTime>9999-01-01 00:00:00</endTime>
				<diffUTC>0</diffUTC>
				<SeismicInstrument code="FALS_DB3C">
					<name>Near-surface seismometer digital broadband 3-component</name>
					<comments>Site:False Pass</comments>
					<startTime>2002-06-19 12:00:00</startTime>
					<endTime>9999-01-01 00:00:00</endTime>
				</SeismicInstrument>
			</SeismicStation>
			<SeismicStation code="SPIA " owner1="NOAA" owner2="AVO"
				pubDate="2008-01-01 00:00:00">
				<name>Saint Paul Island</name>
				<description>Sensor:Guralp CMG3ESP,Archive:AEIC/UAFGI</description>
				<comments>Ref: Guffanti et al., 2010, Volcano- monitoring
					instrumentation in the United States, 2008: USGS Open-File Report
					2009–1165</comments>
				<lat>57.1776</lat>
				<lon>-170.2455</lon>
				<elev>84.00</elev>
				<startTime>2004-09-16 12:00:00</startTime>
				<endTime>9999-01-01 00:00:00</endTime>
				<diffUTC>0</diffUTC>
				<SeismicInstrument code="SPIA _DB3C">
					<name>Near-surface seismometer digital broadband 3-component</name>
					<comments>Site:Saint Paul Island</comments>
					<startTime>2004-09-16 12:00:00</startTime>
					<endTime>9999-01-01 00:00:00</endTime>
				</SeismicInstrument>
			</SeismicStation>
			<SeismicStation code="UNV" owner1="NOAA" owner2="AVO"
				pubDate="2008-01-01 00:00:00">
				<name>Unalaska</name>
				<description>Sensor:CMG-3ESP,Archive:AEIC/UAFGI</description>
				<comments>Ref: Guffanti et al., 2010, Volcano- monitoring
					instrumentation in the United States, 2008: USGS Open-File Report
					2009–1165</comments>
				<lat>53.8465</lat>
				<lon>-166.5020</lon>
				<elev>67.00</elev>
				<startTime>1999-02-19 12:00:00</startTime>
				<endTime>9999-01-01 00:00:00</endTime>
				<diffUTC>0</diffUTC>
				<SeismicInstrument code="UNV_DB3C">
					<name>Near-surface seismometer digital broadband 3-component</name>
					<comments>Site:Unalaska</comments>
					<startTime>1999-02-19 12:00:00</startTime>
					<endTime>9999-01-01 00:00:00</endTime>
				</SeismicInstrument>
			</SeismicStation>
			<SeismicStation code="CRAG " owner1="NOAA" owner2="AVO"
				pubDate="2008-01-01 00:00:00">
				<name>Craig</name>
				<description>Sensor:Streckheisen STS-2,Archive:AVO/AEIC/UAFGI
				</description>
				<comments>Ref: Guffanti et al., 2010, Volcano- monitoring
					instrumentation in the United States, 2008: USGS Open-File Report
					2009–1165</comments>
				<lat>55.4689</lat>
				<lon>-133.1230</lon>
				<elev>57.90</elev>
				<startTime>2004-12-10 12:00:00</startTime>
				<endTime>9999-01-01 00:00:00</endTime>
				<diffUTC>0</diffUTC>
				<SeismicInstrument code="CRAG _DB3C">
					<name>Near-surface seismometer digital broadband 3-component</name>
					<comments>Site:Craig</comments>
					<startTime>2004-12-10 12:00:00</startTime>
					<endTime>9999-01-01 00:00:00</endTime>
				</SeismicInstrument>
			</SeismicStation>
			<SeismicStation code="NIKO" owner1="NOAA" owner2="AVO"
				pubDate="2008-01-01 00:00:00">
				<name>Nikolski</name>
				<description>Sensor:CMG-3ESP,Archive:AEIC/UAFGI</description>
				<comments>Ref: Guffanti et al., 2010, Volcano- monitoring
					instrumentation in the United States, 2008: USGS Open-File Report
					2009–1165</comments>
				<lat>52.9738</lat>
				<lon>-168.8539</lon>
				<elev>8.00</elev>
				<startTime>2002-11-22 12:00:00</startTime>
				<endTime>9999-01-01 00:00:00</endTime>
				<diffUTC>0</diffUTC>
				<SeismicInstrument code="NIKO_DB3C">
					<name>Near-surface seismometer digital broadband 3-component</name>
					<comments>Site:Nikolski</comments>
					<startTime>2002-11-22 12:00:00</startTime>
					<endTime>9999-01-01 00:00:00</endTime>
				</SeismicInstrument>
			</SeismicStation>
		</SeismicNetwork>
	</MonitoringSystems>
</wovoml>