<?xml version="1.0" encoding="UTF-8" standalone="no"?>
<wovoml xmlns="http://www.wovodat.org" xmlns:xsi="http://www.w3.org/2001/XMLSchema-instance"
	pubDate="2008-01-01 00:00:00" version="1.1.0"
	xsi:schemaLocation="http://www.wovodat.org/WOVOdatV1.xsd">
	<MonitoringSystems owner1="NSF" pubDate="2008-01-01 00:00:00">
		<SeismicNetwork code="NSF-VMI-Seisnet-AVO" owner1="NSF"
			owner2="AVO" pubDate="2008-01-01 00:00:00">
			<Volcanoes>
				<volcanoCode>0804-20=</volcanoCode>
			</Volcanoes>
			<name>NSF VMI Seismic Network AVO</name>
			<description>Ref: Guffanti et al., 2010, Volcano- monitoring
				instrumentation in the United States, 2008: USGS Open-File Report
				2009–1165</description>
			<numberOfSeismo>1</numberOfSeismo>
			<numberOfBBSeismo>1</numberOfBBSeismo>
			<numberOfSMPSeismo>0</numberOfSMPSeismo>
			<numberOfDigiSeismo>1</numberOfDigiSeismo>
			<numberOfAnaSeismo>0</numberOfAnaSeismo>
			<numberOf3CompSeismo>1</numberOf3CompSeismo>
			<numberOfMicro>0</numberOfMicro>
			<startTime>2003-05-06 12:00:00</startTime>
			<endTime>2004-08-14 12:00:00</endTime>
			<diffUTC>0</diffUTC>
			<SeismicStation code="ANAH" owner1="NSF" owner2="AVO"
				pubDate="2008-01-01 00:00:00">
				<name>Anatahan</name>
				<description>Sensor:broadband,Archive:Washington University
				</description>
				<comments>Ref: Guffanti et al., 2010, Volcano- monitoring
					instrumentation in the United States, 2008: USGS Open-File Report
					2009–1165</comments>
				<lat>16.3644</lat>
				<lon>145.6337</lon>
				<elev>34.00</elev>
				<startTime>2003-05-06 12:00:00</startTime>
				<endTime>2004-08-14 12:00:00</endTime>
				<diffUTC>0</diffUTC>
				<SeismicInstrument code="ANAH_DB3C">
					<name>Near-surface seismometer digital broadband 3-component</name>
					<comments>Site:Anatahan</comments>
					<startTime>2003-05-06 12:00:00</startTime>
					<endTime>2004-08-14 12:00:00</endTime>
				</SeismicInstrument>
			</SeismicStation>
		</SeismicNetwork>
	</MonitoringSystems>
</wovoml>