<?xml version="1.0" encoding="UTF-8" standalone="no"?>
<wovoml xmlns="http://www.wovodat.org" xmlns:xsi="http://www.w3.org/2001/XMLSchema-instance"
	pubDate="2008-01-01 00:00:00" version="1.1.0"
	xsi:schemaLocation="http://www.wovodat.org/WOVOdatV1.xsd">
	<MonitoringSystems owner1="NOAA" pubDate="2008-01-01 00:00:00">
		<SeismicNetwork code="NOAA-VMI-Seisnet-HVO" owner1="NOAA"
			owner2="HVO" pubDate="2008-01-01 00:00:00">
			<Volcanoes>
				<volcanoCode>1302-06-</volcanoCode>
				<volcanoCode>1302-01-</volcanoCode>
			</Volcanoes>
			<name>NOAA VMI Seismic Network HVO</name>
			<description>Ref: Guffanti et al., 2010, Volcano- monitoring
				instrumentation in the United States, 2008: USGS Open-File Report
				2009–1165</description>
			<numberOfSeismo>4</numberOfSeismo>
			<numberOfBBSeismo>0</numberOfBBSeismo>
			<numberOfSMPSeismo>4</numberOfSMPSeismo>
			<numberOfDigiSeismo>0</numberOfDigiSeismo>
			<numberOfAnaSeismo>4</numberOfAnaSeismo>
			<numberOf3CompSeismo>0</numberOf3CompSeismo>
			<numberOfMicro>0</numberOfMicro>
			<startTime>1986-01-01 12:00:00</startTime>
			<endTime>9999-01-01 00:00:00</endTime>
			<diffUTC>0</diffUTC>
			<SeismicStation code="HKL" owner1="NOAA" owner2="HVO"
				pubDate="2008-01-01 00:00:00">
				<name>Haleakala</name>
				<description>Sensor:L4C,Archive:IRIS</description>
				<comments>Ref: Guffanti et al., 2010, Volcano- monitoring
					instrumentation in the United States, 2008: USGS Open-File Report
					2009–1165</comments>
				<lat>20.70</lat>
				<lon>-156.25</lon>
				<elev>3051.00</elev>
				<startTime>1990-01-01 12:00:00</startTime>
				<endTime>9999-01-01 00:00:00</endTime>
				<diffUTC>0</diffUTC>
				<SeismicInstrument code="HKL_ASPSC">
					<name>Near-surface seismometer analog short-period single-component
					</name>
					<comments>Site:Haleakala</comments>
					<startTime>1990-01-01 12:00:00</startTime>
					<endTime>9999-01-01 00:00:00</endTime>
				</SeismicInstrument>
			</SeismicStation>
			<SeismicStation code="HPO" owner1="NOAA" owner2="HVO"
				pubDate="2008-01-01 00:00:00">
				<name>Honuapo</name>
				<description>Sensor:L4C,Archive:IRIS</description>
				<comments>Ref: Guffanti et al., 2010, Volcano- monitoring
					instrumentation in the United States, 2008: USGS Open-File Report
					2009–1165</comments>
				<lat>19.08</lat>
				<lon>-155.55</lon>
				<elev>15.00</elev>
				<startTime>1996-01-01 12:00:00</startTime>
				<endTime>9999-01-01 00:00:00</endTime>
				<diffUTC>0</diffUTC>
				<SeismicInstrument code="HPO_ASPSC">
					<name>Near-surface seismometer analog short-period single-component
					</name>
					<comments>Site:Honuapo</comments>
					<startTime>1996-01-01 12:00:00</startTime>
					<endTime>9999-01-01 00:00:00</endTime>
				</SeismicInstrument>
			</SeismicStation>
			<SeismicStation code="KPC" owner1="NOAA" owner2="HVO"
				pubDate="2008-01-01 00:00:00">
				<name>Kapoho Cone</name>
				<description>Sensor:L4C,Archive:IRIS</description>
				<comments>Ref: Guffanti et al., 2010, Volcano- monitoring
					instrumentation in the United States, 2008: USGS Open-File Report
					2009–1165</comments>
				<lat>19.49</lat>
				<lon>-154.83</lon>
				<elev>134.00</elev>
				<startTime>1990-01-01 12:00:00</startTime>
				<endTime>9999-01-01 00:00:00</endTime>
				<diffUTC>0</diffUTC>
				<SeismicInstrument code="KPC_ASPSC">
					<name>Near-surface seismometer analog short-period single-component
					</name>
					<comments>Site:Kapoho Cone</comments>
					<startTime>1990-01-01 12:00:00</startTime>
					<endTime>9999-01-01 00:00:00</endTime>
				</SeismicInstrument>
			</SeismicStation>
			<SeismicStation code="PFH" owner1="NOAA" owner2="HVO"
				pubDate="2008-01-01 00:00:00">
				<name>Pahoa Fire House</name>
				<description>Sensor:L4C,Archive:IRIS</description>
				<comments>Ref: Guffanti et al., 2010, Volcano- monitoring
					instrumentation in the United States, 2008: USGS Open-File Report
					2009–1165</comments>
				<lat>19.49</lat>
				<lon>-154.94</lon>
				<elev>201.00</elev>
				<startTime>1986-01-01 12:00:00</startTime>
				<endTime>9999-01-01 00:00:00</endTime>
				<diffUTC>0</diffUTC>
				<SeismicInstrument code="PFH_ASPSC">
					<name>Near-surface seismometer analog short-period single-component
					</name>
					<comments>Site:Pahoa Fire House</comments>
					<startTime>1986-01-01 12:00:00</startTime>
					<endTime>9999-01-01 00:00:00</endTime>
				</SeismicInstrument>
			</SeismicStation>
		</SeismicNetwork>
	</MonitoringSystems>
</wovoml>