<?xml version="1.0" encoding="UTF-8" standalone="no"?>
<wovoml xmlns="http://www.wovodat.org" xmlns:xsi="http://www.w3.org/2001/XMLSchema-instance"
	pubDate="2008-01-01 00:00:00" version="1.1.0"
	xsi:schemaLocation="http://www.wovodat.org/WOVOdatV1.xsd">
	<MonitoringSystems owner1="NOAA" pubDate="2008-01-01 00:00:00">
		<SeismicNetwork code="NOAA-VMI-Seisnet-CVO" owner1="NOAA"
			owner2="CVO" pubDate="2008-01-01 00:00:00">
			<Volcanoes>
				<volcanoCode>1202-01-</volcanoCode>
				<volcanoCode>1202-11-</volcanoCode>
			</Volcanoes>
			<name>NOAA VMI Seismic Network CVO</name>
			<description>Ref: Guffanti et al., 2010, Volcano- monitoring
				instrumentation in the United States, 2008: USGS Open-File Report
				2009–1165</description>
			<numberOfSeismo>4</numberOfSeismo>
			<numberOfBBSeismo>2</numberOfBBSeismo>
			<numberOfSMPSeismo>0</numberOfSMPSeismo>
			<numberOfDigiSeismo>4</numberOfDigiSeismo>
			<numberOfAnaSeismo>0</numberOfAnaSeismo>
			<numberOf3CompSeismo>4</numberOf3CompSeismo>
			<numberOfMicro>0</numberOfMicro>
			<startTime>1991-02-01 12:00:00</startTime>
			<endTime>9999-01-01 00:00:00</endTime>
			<diffUTC>0</diffUTC>
			<SeismicStation code="HOOD" owner1="NOAA" owner2="CVO"
				pubDate="2008-01-01 00:00:00">
				<name>Mt Hood Meadows</name>
				<description>Sensor:Guralp CMG-40T,Archive:IRIS/UW</description>
				<comments>Ref: Guffanti et al., 2010, Volcano- monitoring
					instrumentation in the United States, 2008: USGS Open-File Report
					2009–1165</comments>
				<lat>45.3216</lat>
				<lon>-121.6522</lon>
				<elev>1520.00</elev>
				<startTime>2002-11-01 12:00:00</startTime>
				<endTime>9999-01-01 00:00:00</endTime>
				<diffUTC>0</diffUTC>
				<SeismicInstrument code="HOOD_DB3C">
					<name>Near-surface seismometer digital broadband 3-component</name>
					<comments>Site:Mt Hood Meadows</comments>
					<startTime>2002-11-01 12:00:00</startTime>
					<endTime>9999-01-01 00:00:00</endTime>
				</SeismicInstrument>
				<SeismicInstrument code="HOOD_DSM3CA">
					<name>Near-surface seismometer digital strong-motion 3-component
						accelerometer </name>
					<comments>Site:Mt Hood Meadows</comments>
					<startTime>2002-11-01 12:00:00</startTime>
					<endTime>9999-01-01 00:00:00</endTime>
				</SeismicInstrument>
			</SeismicStation>
			<SeismicStation code="PIN" owner1="NOAA" owner2="CVO"
				pubDate="2008-01-01 00:00:00">
				<name>Pine Mt</name>
				<description>Sensor:Guralp CMG-3T,Archive:IRIS/UW</description>
				<comments>Ref: Guffanti et al., 2010, Volcano- monitoring
					instrumentation in the United States, 2008: USGS Open-File Report
					2009–1165</comments>
				<lat>43.8111</lat>
				<lon>-120.8719</lon>
				<elev>1865.00</elev>
				<startTime>1991-02-01 12:00:00</startTime>
				<endTime>9999-01-01 00:00:00</endTime>
				<diffUTC>0</diffUTC>
				<SeismicInstrument code="PIN_DB3C">
					<name>Near-surface seismometer digital broadband 3-component</name>
					<comments>Site:Pine Mt</comments>
					<startTime>1991-02-01 12:00:00</startTime>
					<endTime>9999-01-01 00:00:00</endTime>
				</SeismicInstrument>
				<SeismicInstrument code="PIN_DSM3CA">
					<name>Near-surface seismometer digital strong-motion 3-component
						accelerometer </name>
					<comments>Site:Pine Mt</comments>
					<startTime>1991-02-01 12:00:00</startTime>
					<endTime>9999-01-01 00:00:00</endTime>
				</SeismicInstrument>
			</SeismicStation>
		</SeismicNetwork>
	</MonitoringSystems>
</wovoml>