<?xml version="1.0" encoding="UTF-8" standalone="no"?>
<wovoml xmlns="http://www.wovodat.org" xmlns:xsi="http://www.w3.org/2001/XMLSchema-instance"
	pubDate="2008-01-01 00:00:00" version="1.1.0"
	xsi:schemaLocation="http://www.wovodat.org/WOVOdatV1.xsd">
	<MonitoringSystems owner1="NSF" pubDate="2008-01-01 00:00:00">
		<SeismicNetwork code="NSF-VMI-Seisnet-CVO" owner1="NSF"
			owner2="CVO" pubDate="2008-01-01 00:00:00">
			<Volcanoes>
				<volcanoCode>1201-04-</volcanoCode>
				<volcanoCode>1201-01=</volcanoCode>
				<volcanoCode>1202-16-</volcanoCode>
				<volcanoCode>1202-17-</volcanoCode>
				<volcanoCode>1202-14-</volcanoCode>
				<volcanoCode>1201-02-</volcanoCode>
				<volcanoCode>1202-01-</volcanoCode>
				<volcanoCode>1202-02-</volcanoCode>
				<volcanoCode>1202-19-</volcanoCode>
				<volcanoCode>1203-08-</volcanoCode>
				<volcanoCode>1203-14-</volcanoCode>
				<volcanoCode>1203-02-</volcanoCode>
				<volcanoCode>1201-05-</volcanoCode>
				<volcanoCode>1202-11-</volcanoCode>
				<volcanoCode>1201-03-</volcanoCode>
				<volcanoCode>1202-08-</volcanoCode>
			</Volcanoes>
			<name>NSF VMI Seismic Network CVO</name>
			<description>Ref: Guffanti et al., 2010, Volcano- monitoring
				instrumentation in the United States, 2008: USGS Open-File Report
				2009–1165</description>
			<numberOfSeismo>30</numberOfSeismo>
			<numberOfBBSeismo>30</numberOfBBSeismo>
			<numberOfSMPSeismo>4</numberOfSMPSeismo>
			<numberOfDigiSeismo>30</numberOfDigiSeismo>
			<numberOfAnaSeismo>0</numberOfAnaSeismo>
			<numberOf3CompSeismo>30</numberOf3CompSeismo>
			<numberOfMicro>0</numberOfMicro>
			<startTime>2004-07-21 12:00:00</startTime>
			<endTime>9999-01-01 00:00:00</endTime>
			<diffUTC>0</diffUTC>
			<SeismicStation code="F05A" owner1="NSF" owner2="CVO"
				pubDate="2008-01-01 00:00:00">
				<name>White Salmon</name>
				<description>Sensor:Guralp CMG-3T,Archive:IRIS</description>
				<comments>Ref: Guffanti et al., 2010, Volcano- monitoring
					instrumentation in the United States, 2008: USGS Open-File Report
					2009–1165</comments>
				<lat>45.8800</lat>
				<lon>-121.4600</lon>
				<elev>455.00</elev>
				<startTime>2005-11-02 12:00:00</startTime>
				<endTime>2008-01-26 12:00:00</endTime>
				<diffUTC>0</diffUTC>
				<SeismicInstrument code="F05A_DB3C">
					<name>Near-surface seismometer digital broadband 3-component</name>
					<comments>Site:White Salmon</comments>
					<startTime>2005-11-02 12:00:00</startTime>
					<endTime>2008-01-26 12:00:00</endTime>
				</SeismicInstrument>
			</SeismicStation>
			<SeismicStation code="E06A" owner1="NSF" owner2="CVO"
				pubDate="2008-01-01 00:00:00">
				<name>Yakima</name>
				<description>Sensor:Guralp CMG-3T,Archive:IRIS</description>
				<comments>Ref: Guffanti et al., 2010, Volcano- monitoring
					instrumentation in the United States, 2008: USGS Open-File Report
					2009–1165</comments>
				<lat>46.5400</lat>
				<lon>-120.9800</lon>
				<elev>911.00</elev>
				<startTime>2006-08-28 12:00:00</startTime>
				<endTime>2008-05-15 12:00:00</endTime>
				<diffUTC>0</diffUTC>
				<SeismicInstrument code="E06A_DB3C">
					<name>Near-surface seismometer digital broadband 3-component</name>
					<comments>Site:Yakima</comments>
					<startTime>2006-08-28 12:00:00</startTime>
					<endTime>2008-05-15 12:00:00</endTime>
				</SeismicInstrument>
			</SeismicStation>
			<SeismicStation code="B05A" owner1="NSF" owner2="CVO"
				pubDate="2008-01-01 00:00:00">
				<name>Bryant</name>
				<description>Sensor:Guralp CMG-3T,Archive:IRIS</description>
				<comments>Ref: Guffanti et al., 2010, Volcano- monitoring
					instrumentation in the United States, 2008: USGS Open-File Report
					2009–1165</comments>
				<lat>48.2641</lat>
				<lon>-122.0960</lon>
				<elev>154.00</elev>
				<startTime>2005-12-01 12:00:00</startTime>
				<endTime>2008-02-23 12:00:00</endTime>
				<diffUTC>0</diffUTC>
				<SeismicInstrument code="B05A_DB3C">
					<name>Near-surface seismometer digital broadband 3-component</name>
					<comments>Site:Bryant</comments>
					<startTime>2005-12-01 12:00:00</startTime>
					<endTime>2008-02-23 12:00:00</endTime>
				</SeismicInstrument>
			</SeismicStation>
			<SeismicStation code="A05A" owner1="NSF" owner2="CVO"
				pubDate="2008-01-01 00:00:00">
				<name>Maple Falls</name>
				<description>Sensor:Guralp CMG-3T,Archive:IRIS</description>
				<comments>Ref: Guffanti et al., 2010, Volcano- monitoring
					instrumentation in the United States, 2008: USGS Open-File Report
					2009–1165</comments>
				<lat>49.0000</lat>
				<lon>-122.0900</lon>
				<elev>174.00</elev>
				<startTime>2005-11-29 12:00:00</startTime>
				<endTime>9999-01-01 00:00:00</endTime>
				<diffUTC>0</diffUTC>
				<SeismicInstrument code="A05A_DB3C">
					<name>Near-surface seismometer digital broadband 3-component</name>
					<comments>Site:Maple Falls</comments>
					<startTime>2005-11-29 12:00:00</startTime>
					<endTime>9999-01-01 00:00:00</endTime>
				</SeismicInstrument>
			</SeismicStation>
			<SeismicStation code="K04A" owner1="NSF" owner2="CVO"
				pubDate="2008-01-01 00:00:00">
				<name>Chiloquin</name>
				<description>Sensor:Guralp CMG-3T,Archive:IRIS</description>
				<comments>Ref: Guffanti et al., 2010, Volcano- monitoring
					instrumentation in the United States, 2008: USGS Open-File Report
					2009–1165</comments>
				<lat>42.6100</lat>
				<lon>-121.7300</lon>
				<elev>1305.00</elev>
				<startTime>2006-05-23 12:00:00</startTime>
				<endTime>2007-10-27 12:00:00</endTime>
				<diffUTC>0</diffUTC>
				<SeismicInstrument code="K04A_DB3C">
					<name>Near-surface seismometer digital broadband 3-component</name>
					<comments>Site:Chiloquin</comments>
					<startTime>2006-05-23 12:00:00</startTime>
					<endTime>2007-10-27 12:00:00</endTime>
				</SeismicInstrument>
			</SeismicStation>
			<SeismicStation code="J04A" owner1="NSF" owner2="CVO"
				pubDate="2008-01-01 00:00:00">
				<name>Toketee</name>
				<description>Sensor:Guralp CMG-3T,Archive:IRIS</description>
				<comments>Ref: Guffanti et al., 2010, Volcano- monitoring
					instrumentation in the United States, 2008: USGS Open-File Report
					2009–1165</comments>
				<lat>43.2400</lat>
				<lon>-122.1100</lon>
				<elev>1952.00</elev>
				<startTime>2006-10-31 12:00:00</startTime>
				<endTime>2007-10-30 12:00:00</endTime>
				<diffUTC>0</diffUTC>
				<SeismicInstrument code="J04A_DB3C">
					<name>Near-surface seismometer digital broadband 3-component</name>
					<comments>Site:Toketee</comments>
					<startTime>2006-10-31 12:00:00</startTime>
					<endTime>2007-10-30 12:00:00</endTime>
				</SeismicInstrument>
			</SeismicStation>
			<SeismicStation code="J08A" owner1="NSF" owner2="CVO"
				pubDate="2008-01-01 00:00:00">
				<name>Circle Bar Ranch</name>
				<description>Sensor:Guralp CMG-3T,Archive:IRIS</description>
				<comments>Ref: Guffanti et al., 2010, Volcano- monitoring
					instrumentation in the United States, 2008: USGS Open-File Report
					2009–1165</comments>
				<lat>43.4000</lat>
				<lon>-118.5000</lon>
				<elev>1229.00</elev>
				<startTime>2006-06-30 12:00:00</startTime>
				<endTime>9999-01-01 00:00:00</endTime>
				<diffUTC>0</diffUTC>
				<SeismicInstrument code="J08A_DB3C">
					<name>Near-surface seismometer digital broadband 3-component</name>
					<comments>Site:Circle Bar Ranch</comments>
					<startTime>2006-06-30 12:00:00</startTime>
					<endTime>9999-01-01 00:00:00</endTime>
				</SeismicInstrument>
			</SeismicStation>
			<SeismicStation code="K08A" owner1="NSF" owner2="CVO"
				pubDate="2008-01-01 00:00:00">
				<name>Mann Creek Ranch</name>
				<description>Sensor:Guralp CMG-3T,Archive:IRIS</description>
				<comments>Ref: Guffanti et al., 2010, Volcano- monitoring
					instrumentation in the United States, 2008: USGS Open-File Report
					2009–1165</comments>
				<lat>42.7000</lat>
				<lon>-118.5000</lon>
				<elev>1391.00</elev>
				<startTime>2006-06-30 12:00:00</startTime>
				<endTime>2008-04-09 12:00:00</endTime>
				<diffUTC>0</diffUTC>
				<SeismicInstrument code="K08A_DB3C">
					<name>Near-surface seismometer digital broadband 3-component</name>
					<comments>Site:Mann Creek Ranch</comments>
					<startTime>2006-06-30 12:00:00</startTime>
					<endTime>2008-04-09 12:00:00</endTime>
				</SeismicInstrument>
			</SeismicStation>
			<SeismicStation code="J06A" owner1="NSF" owner2="CVO"
				pubDate="2008-01-01 00:00:00">
				<name>Christmas Valley</name>
				<description>Sensor:Guralp CMG-3T,Archive:IRIS</description>
				<comments>Ref: Guffanti et al., 2010, Volcano- monitoring
					instrumentation in the United States, 2008: USGS Open-File Report
					2009–1165</comments>
				<lat>43.3020</lat>
				<lon>-120.1991</lon>
				<elev>1407.00</elev>
				<startTime>2006-02-01 12:00:00</startTime>
				<endTime>2008-04-11 12:00:00</endTime>
				<diffUTC>0</diffUTC>
				<SeismicInstrument code="J06A_DB3C">
					<name>Near-surface seismometer digital broadband 3-component</name>
					<comments>Site:Christmas Valley</comments>
					<startTime>2006-02-01 12:00:00</startTime>
					<endTime>2008-04-11 12:00:00</endTime>
				</SeismicInstrument>
			</SeismicStation>
			<SeismicStation code="B06A" owner1="NSF" owner2="CVO"
				pubDate="2008-01-01 00:00:00">
				<name>Marblemount</name>
				<description>Sensor:Guralp CMG-3T,Archive:IRIS</description>
				<comments>Ref: Guffanti et al., 2010, Volcano- monitoring
					instrumentation in the United States, 2008: USGS Open-File Report
					2009–1165</comments>
				<lat>48.5200</lat>
				<lon>-121.4800</lon>
				<elev>75.00</elev>
				<startTime>2006-09-17 12:00:00</startTime>
				<endTime>2008-11-12 12:00:00</endTime>
				<diffUTC>0</diffUTC>
				<SeismicInstrument code="B06A_DB3C">
					<name>Near-surface seismometer digital broadband 3-component</name>
					<comments>Site:Marblemount</comments>
					<startTime>2006-09-17 12:00:00</startTime>
					<endTime>2008-11-12 12:00:00</endTime>
				</SeismicInstrument>
			</SeismicStation>
			<SeismicStation code="C06A" owner1="NSF" owner2="CVO"
				pubDate="2008-01-01 00:00:00">
				<name>Tall Timber Ranch</name>
				<description>Sensor:Guralp CMG-3T,Archive:IRIS</description>
				<comments>Ref: Guffanti et al., 2010, Volcano- monitoring
					instrumentation in the United States, 2008: USGS Open-File Report
					2009–1165</comments>
				<lat>47.9200</lat>
				<lon>-120.8900</lon>
				<elev>594.00</elev>
				<startTime>2006-09-13 12:00:00</startTime>
				<endTime>2008-05-19 12:00:00</endTime>
				<diffUTC>0</diffUTC>
				<SeismicInstrument code="C06A_DB3C">
					<name>Near-surface seismometer digital broadband 3-component</name>
					<comments>Site:Tall Timber Ranch</comments>
					<startTime>2006-09-13 12:00:00</startTime>
					<endTime>2008-05-19 12:00:00</endTime>
				</SeismicInstrument>
			</SeismicStation>
			<SeismicStation code="G05A" owner1="NSF" owner2="CVO"
				pubDate="2008-01-01 00:00:00">
				<name>Wamic</name>
				<description>Sensor:Guralp CMG-3T,Archive:IRIS</description>
				<comments>Ref: Guffanti et al., 2010, Volcano- monitoring
					instrumentation in the United States, 2008: USGS Open-File Report
					2009–1165</comments>
				<lat>45.2400</lat>
				<lon>-121.3200</lon>
				<elev>594.00</elev>
				<startTime>2005-11-03 12:00:00</startTime>
				<endTime>2008-03-31 12:00:00</endTime>
				<diffUTC>0</diffUTC>
				<SeismicInstrument code="G05A_DB3C">
					<name>Near-surface seismometer digital broadband 3-component</name>
					<comments>Site:Wamic</comments>
					<startTime>2005-11-03 12:00:00</startTime>
					<endTime>2008-03-31 12:00:00</endTime>
				</SeismicInstrument>
			</SeismicStation>
			<SeismicStation code="H04A" owner1="NSF" owner2="CVO"
				pubDate="2008-01-01 00:00:00">
				<name>Detroit Lake</name>
				<description>Sensor:Guralp CMG-3T,Archive:IRIS</description>
				<comments>Ref: Guffanti et al., 2010, Volcano- monitoring
					instrumentation in the United States, 2008: USGS Open-File Report
					2009–1165</comments>
				<lat>44.6800</lat>
				<lon>-122.1900</lon>
				<elev>652.00</elev>
				<startTime>2005-11-09 12:00:00</startTime>
				<endTime>2008-12-03 12:00:00</endTime>
				<diffUTC>0</diffUTC>
				<SeismicInstrument code="H04A_DB3C">
					<name>Near-surface seismometer digital broadband 3-component</name>
					<comments>Site:Detroit Lake</comments>
					<startTime>2005-11-09 12:00:00</startTime>
					<endTime>2008-12-03 12:00:00</endTime>
				</SeismicInstrument>
			</SeismicStation>
			<SeismicStation code="H05A" owner1="NSF" owner2="CVO"
				pubDate="2008-01-01 00:00:00">
				<name>Madras</name>
				<description>Sensor:Guralp CMG-3T,Archive:IRIS</description>
				<comments>Ref: Guffanti et al., 2010, Volcano- monitoring
					instrumentation in the United States, 2008: USGS Open-File Report
					2009–1165</comments>
				<lat>44.6500</lat>
				<lon>-121.2300</lon>
				<elev>720.00</elev>
				<startTime>2005-12-09 12:00:00</startTime>
				<endTime>2008-02-01 12:00:00</endTime>
				<diffUTC>0</diffUTC>
				<SeismicInstrument code="H05A_DB3C">
					<name>Near-surface seismometer digital broadband 3-component</name>
					<comments>Site:Madras</comments>
					<startTime>2005-12-09 12:00:00</startTime>
					<endTime>2008-02-01 12:00:00</endTime>
				</SeismicInstrument>
			</SeismicStation>
			<SeismicStation code="J09A" owner1="NSF" owner2="CVO"
				pubDate="2008-01-01 00:00:00">
				<name>Fry Pan Ranch</name>
				<description>Sensor:Guralp CMG-3T,Archive:IRIS</description>
				<comments>Ref: Guffanti et al., 2010, Volcano- monitoring
					instrumentation in the United States, 2008: USGS Open-File Report
					2009–1165</comments>
				<lat>43.3000</lat>
				<lon>-117.8000</lon>
				<elev>1303.00</elev>
				<startTime>2006-08-22 12:00:00</startTime>
				<endTime>2008-07-11 12:00:00</endTime>
				<diffUTC>0</diffUTC>
				<SeismicInstrument code="J09A_DB3C">
					<name>Near-surface seismometer digital broadband 3-component</name>
					<comments>Site:Fry Pan Ranch</comments>
					<startTime>2006-08-22 12:00:00</startTime>
					<endTime>2008-07-11 12:00:00</endTime>
				</SeismicInstrument>
			</SeismicStation>
			<SeismicStation code="O04C" owner1="NSF" owner2="CVO"
				pubDate="2008-01-01 00:00:00">
				<name>Chester</name>
				<description>Sensor:Guralp CMG-3T,Archive:IRIS</description>
				<comments>Ref: Guffanti et al., 2010, Volcano- monitoring
					instrumentation in the United States, 2008: USGS Open-File Report
					2009–1165</comments>
				<lat>40.3200</lat>
				<lon>-121.0900</lon>
				<elev>1513.00</elev>
				<startTime>2005-05-25 12:00:00</startTime>
				<endTime>2007-12-03 12:00:00</endTime>
				<diffUTC>0</diffUTC>
				<SeismicInstrument code="O04C_DB3C">
					<name>Near-surface seismometer digital broadband 3-component</name>
					<comments>Site:Chester</comments>
					<startTime>2005-05-25 12:00:00</startTime>
					<endTime>2007-12-03 12:00:00</endTime>
				</SeismicInstrument>
			</SeismicStation>
			<SeismicStation code="R07C" owner1="NSF" owner2="CVO"
				pubDate="2008-01-01 00:00:00">
				<name>Lee Vining</name>
				<description>Sensor:Guralp CMG-3T,Archive:IRIS</description>
				<comments>Ref: Guffanti et al., 2010, Volcano- monitoring
					instrumentation in the United States, 2008: USGS Open-File Report
					2009–1165</comments>
				<lat>38.0900</lat>
				<lon>-119.0500</lon>
				<elev>1996.00</elev>
				<startTime>2005-08-03 12:00:00</startTime>
				<endTime>2007-10-02 12:00:00</endTime>
				<diffUTC>0</diffUTC>
				<SeismicInstrument code="R07C_DB3C">
					<name>Near-surface seismometer digital broadband 3-component</name>
					<comments>Site:Lee Vining</comments>
					<startTime>2005-08-03 12:00:00</startTime>
					<endTime>2007-10-02 12:00:00</endTime>
				</SeismicInstrument>
			</SeismicStation>
			<SeismicStation code="L04A" owner1="NSF" owner2="CVO"
				pubDate="2008-01-01 00:00:00">
				<name>Klamath Falls</name>
				<description>Sensor:Guralp CMG-3T,Archive:IRIS</description>
				<comments>Ref: Guffanti et al., 2010, Volcano- monitoring
					instrumentation in the United States, 2008: USGS Open-File Report
					2009–1165</comments>
				<lat>42.1700</lat>
				<lon>-121.8900</lon>
				<elev>1336.00</elev>
				<startTime>2006-05-24 12:00:00</startTime>
				<endTime>2007-10-26 12:00:00</endTime>
				<diffUTC>0</diffUTC>
				<SeismicInstrument code="L04A_DB3C">
					<name>Near-surface seismometer digital broadband 3-component</name>
					<comments>Site:Klamath Falls</comments>
					<startTime>2006-05-24 12:00:00</startTime>
					<endTime>2007-10-26 12:00:00</endTime>
				</SeismicInstrument>
			</SeismicStation>
			<SeismicStation code="M05C" owner1="NSF" owner2="CVO"
				pubDate="2008-01-01 00:00:00">
				<name>Lookout</name>
				<description>Sensor:Guralp CMG-3T,Archive:IRIS</description>
				<comments>Ref: Guffanti et al., 2010, Volcano- monitoring
					instrumentation in the United States, 2008: USGS Open-File Report
					2009–1165</comments>
				<lat>41.3600</lat>
				<lon>-121.1500</lon>
				<elev>1333.00</elev>
				<startTime>2005-06-29 12:00:00</startTime>
				<endTime>2007-10-10 12:00:00</endTime>
				<diffUTC>0</diffUTC>
				<SeismicInstrument code="M05C_DB3C">
					<name>Near-surface seismometer digital broadband 3-component</name>
					<comments>Site:Lookout</comments>
					<startTime>2005-06-29 12:00:00</startTime>
					<endTime>2007-10-10 12:00:00</endTime>
				</SeismicInstrument>
			</SeismicStation>
			<SeismicStation code="M04C" owner1="NSF" owner2="CVO"
				pubDate="2008-01-01 00:00:00">
				<name>Macdoel</name>
				<description>Sensor:Guralp CMG-3T,Archive:IRIS</description>
				<comments>Ref: Guffanti et al., 2010, Volcano- monitoring
					instrumentation in the United States, 2008: USGS Open-File Report
					2009–1165</comments>
				<lat>41.7800</lat>
				<lon>-121.8400</lon>
				<elev>1391.00</elev>
				<startTime>2005-06-30 12:00:00</startTime>
				<endTime>2007-10-10 12:00:00</endTime>
				<diffUTC>0</diffUTC>
				<SeismicInstrument code="M04C_DB3C">
					<name>Near-surface seismometer digital broadband 3-component</name>
					<comments>Site:Macdoel</comments>
					<startTime>2005-06-30 12:00:00</startTime>
					<endTime>2007-10-10 12:00:00</endTime>
				</SeismicInstrument>
			</SeismicStation>
			<SeismicStation code="F04A" owner1="NSF" owner2="CVO"
				pubDate="2008-01-01 00:00:00">
				<name>Amboy</name>
				<description>Sensor:Guralp CMG-3T,Archive:NCSN/UNAVCO</description>
				<comments>Ref: Guffanti et al., 2010, Volcano- monitoring
					instrumentation in the United States, 2008: USGS Open-File Report
					2009–1165</comments>
				<lat>45.9300</lat>
				<lon>-122.4200</lon>
				<elev>211.00</elev>
				<startTime>2005-10-25 12:00:00</startTime>
				<endTime>2008-10-27 12:00:00</endTime>
				<diffUTC>0</diffUTC>
				<SeismicInstrument code="F04A_DB3C">
					<name>Near-surface seismometer digital broadband 3-component</name>
					<comments>Site:Amboy</comments>
					<startTime>2005-10-25 12:00:00</startTime>
					<endTime>2008-10-27 12:00:00</endTime>
				</SeismicInstrument>
			</SeismicStation>
			<SeismicStation code="E04A" owner1="NSF" owner2="CVO"
				pubDate="2008-01-01 00:00:00">
				<name>Onalaska</name>
				<description>Sensor:Guralp CMG-3T,Archive:IRIS</description>
				<comments>Ref: Guffanti et al., 2010, Volcano- monitoring
					instrumentation in the United States, 2008: USGS Open-File Report
					2009–1165</comments>
				<lat>46.5934</lat>
				<lon>-122.7204</lon>
				<elev>215.00</elev>
				<startTime>2005-10-27 12:00:00</startTime>
				<endTime>2008-02-18 12:00:00</endTime>
				<diffUTC>0</diffUTC>
				<SeismicInstrument code="E04A_DB3C">
					<name>Near-surface seismometer digital broadband 3-component</name>
					<comments>Site:Onalaska</comments>
					<startTime>2005-10-27 12:00:00</startTime>
					<endTime>2008-02-18 12:00:00</endTime>
				</SeismicInstrument>
			</SeismicStation>
			<SeismicStation code="J05A" owner1="NSF" owner2="CVO"
				pubDate="2008-01-01 00:00:00">
				<name>Fort Rock</name>
				<description>Sensor:Guralp CMG-3T,Archive:IRIS</description>
				<comments>Ref: Guffanti et al., 2010, Volcano- monitoring
					instrumentation in the United States, 2008: USGS Open-File Report
					2009–1165</comments>
				<lat>43.2800</lat>
				<lon>-121.2400</lon>
				<elev>1540.00</elev>
				<startTime>2006-07-17 12:00:00</startTime>
				<endTime>2007-11-02 12:00:00</endTime>
				<diffUTC>0</diffUTC>
				<SeismicInstrument code="J05A_DB3C">
					<name>Near-surface seismometer digital broadband 3-component</name>
					<comments>Site:Fort Rock</comments>
					<startTime>2006-07-17 12:00:00</startTime>
					<endTime>2007-11-02 12:00:00</endTime>
				</SeismicInstrument>
			</SeismicStation>
			<SeismicStation code="D05A" owner1="NSF" owner2="CVO"
				pubDate="2008-01-01 00:00:00">
				<name>Enumclaw</name>
				<description>Sensor:Guralp CMG-3T,Archive:IRIS</description>
				<comments>Ref: Guffanti et al., 2010, Volcano- monitoring
					instrumentation in the United States, 2008: USGS Open-File Report
					2009–1165</comments>
				<lat>47.1900</lat>
				<lon>-121.9900</lon>
				<elev>266.40</elev>
				<startTime>2005-11-21 12:00:00</startTime>
				<endTime>2008-06-15 12:00:00</endTime>
				<diffUTC>0</diffUTC>
				<SeismicInstrument code="D05A_DB3C">
					<name>Near-surface seismometer digital broadband 3-component</name>
					<comments>Site:Enumclaw</comments>
					<startTime>2005-11-21 12:00:00</startTime>
					<endTime>2008-06-15 12:00:00</endTime>
				</SeismicInstrument>
			</SeismicStation>
			<SeismicStation code="E05A" owner1="NSF" owner2="CVO"
				pubDate="2008-01-01 00:00:00">
				<name>Randle</name>
				<description>Sensor:Guralp CMG-3T,Archive:IRIS</description>
				<comments>Ref: Guffanti et al., 2010, Volcano- monitoring
					instrumentation in the United States, 2008: USGS Open-File Report
					2009–1165</comments>
				<lat>46.5600</lat>
				<lon>-121.7600</lon>
				<elev>1481.00</elev>
				<startTime>2005-10-28 12:00:00</startTime>
				<endTime>2008-02-18 12:00:00</endTime>
				<diffUTC>0</diffUTC>
				<SeismicInstrument code="E05A_DB3C">
					<name>Near-surface seismometer digital broadband 3-component</name>
					<comments>Site:Randle</comments>
					<startTime>2005-10-28 12:00:00</startTime>
					<endTime>2008-02-18 12:00:00</endTime>
				</SeismicInstrument>
			</SeismicStation>
			<SeismicStation code="I05A" owner1="NSF" owner2="CVO"
				pubDate="2008-01-01 00:00:00">
				<name>Bend</name>
				<description>Sensor:Guralp CMG-3T,Archive:IRIS</description>
				<comments>Ref: Guffanti et al., 2010, Volcano- monitoring
					instrumentation in the United States, 2008: USGS Open-File Report
					2009–1165</comments>
				<lat>44.1600</lat>
				<lon>-121.2700</lon>
				<elev>1011.00</elev>
				<startTime>2004-07-21 12:00:00</startTime>
				<endTime>2008-02-01 12:00:00</endTime>
				<diffUTC>0</diffUTC>
				<SeismicInstrument code="I05A_DB3C">
					<name>Near-surface seismometer digital broadband 3-component</name>
					<comments>Site:Bend</comments>
					<startTime>2004-07-21 12:00:00</startTime>
					<endTime>2008-02-01 12:00:00</endTime>
				</SeismicInstrument>
			</SeismicStation>
			<SeismicStation code="B201" owner1="NSF" owner2="CVO"
				pubDate="2008-01-01 00:00:00">
				<name>Coldwater</name>
				<description>Sensor:Malin Borehole Seismometer,Archive:UNAVCO
				</description>
				<comments>Ref: Guffanti et al., 2010, Volcano- monitoring
					instrumentation in the United States, 2008: USGS Open-File Report
					2009–1165</comments>
				<lat>46.3033</lat>
				<lon>-122.2648</lon>
				<elev>990.00</elev>
				<startTime>2007-09-13 12:00:00</startTime>
				<endTime>9999-01-01 00:00:00</endTime>
				<diffUTC>0</diffUTC>
				<SeismicInstrument code="B201_BSPMC">
					<name>Borehole seismometer short-period multi-component </name>
					<comments>Site:Coldwater</comments>
					<startTime>2007-09-13 12:00:00</startTime>
					<endTime>9999-01-01 00:00:00</endTime>
				</SeismicInstrument>
			</SeismicStation>
			<SeismicStation code="B204" owner1="NSF" owner2="CVO"
				pubDate="2008-01-01 00:00:00">
				<name>Marble</name>
				<description>Sensor:Malin Borehole Seismometer,Archive:UNAVCO
				</description>
				<comments>Ref: Guffanti et al., 2010, Volcano- monitoring
					instrumentation in the United States, 2008: USGS Open-File Report
					2009–1165</comments>
				<lat>46.1360</lat>
				<lon>-122.1690</lon>
				<elev>784.00</elev>
				<startTime>2007-08-03 12:00:00</startTime>
				<endTime>9999-01-01 00:00:00</endTime>
				<diffUTC>0</diffUTC>
				<SeismicInstrument code="B204_BSPMC">
					<name>Borehole seismometer short-period multi-component </name>
					<comments>Site:Marble</comments>
					<startTime>2007-08-03 12:00:00</startTime>
					<endTime>9999-01-01 00:00:00</endTime>
				</SeismicInstrument>
			</SeismicStation>
			<SeismicStation code="B203" owner1="NSF" owner2="CVO"
				pubDate="2008-01-01 00:00:00">
				<name>Quarry</name>
				<description>Sensor:Malin Borehole Seismometer,Archive:UNAVCO
				</description>
				<comments>Ref: Guffanti et al., 2010, Volcano- monitoring
					instrumentation in the United States, 2008: USGS Open-File Report
					2009–1165</comments>
				<lat>46.1690</lat>
				<lon>-122.3337</lon>
				<elev>814.00</elev>
				<startTime>2007-07-19 12:00:00</startTime>
				<endTime>9999-01-01 00:00:00</endTime>
				<diffUTC>0</diffUTC>
				<SeismicInstrument code="B203_BSPMC">
					<name>Borehole seismometer short-period multi-component </name>
					<comments>Site:Quarry</comments>
					<startTime>2007-07-19 12:00:00</startTime>
					<endTime>9999-01-01 00:00:00</endTime>
				</SeismicInstrument>
			</SeismicStation>
			<SeismicStation code="B202" owner1="NSF" owner2="CVO"
				pubDate="2008-01-01 00:00:00">
				<name>Windy Ridge</name>
				<description>Sensor:Malin Borehole Seismometer,Archive:UNAVCO
				</description>
				<comments>Ref: Guffanti et al., 2010, Volcano- monitoring
					instrumentation in the United States, 2008: USGS Open-File Report
					2009–1165</comments>
				<lat>46.2447</lat>
				<lon>-122.1367</lon>
				<elev>1219.00</elev>
				<startTime>2007-07-26 12:00:00</startTime>
				<endTime>9999-01-01 00:00:00</endTime>
				<diffUTC>0</diffUTC>
				<SeismicInstrument code="B202_BSPMC">
					<name>Borehole seismometer short-period multi-component </name>
					<comments>Site:Windy Ridge</comments>
					<startTime>2007-07-26 12:00:00</startTime>
					<endTime>9999-01-01 00:00:00</endTime>
				</SeismicInstrument>
			</SeismicStation>
		</SeismicNetwork>
	</MonitoringSystems>
</wovoml>